id,song_name,level,level_index,score,rating,over_power,clear,full_combo,full_chain,rank,upload_time,play_time
118,腐れ外道とチョコレゐト,14+,4,1007490,16.798,83.99,clear,,,ssp,2025-09-28 13:44:50,
2038,SINister Evolution,14+,3,1005939,16.5878,82.939,clear,,,ssp,2024-02-20 10:01:05,
2208,Reverberate,15,3,1002644,16.4644,82.322,clear,,,ss,2024-02-20 10:01:05,
628,サドマミホリック,14,3,1006818,16.0636,80.318,clear,,,ssp,2024-02-20 10:01:05,
697,folern,14+,3,1004545,16.1545,80.7725,clear,,,ss,2024-02-20 10:01:05,
823,Opfer,15,3,1000516,16.0516,80.258,clear,,,ss,2024-02-20 10:01:05,
887,SON OF SUN,14,3,1003935,15.7935,78.9675,clear,,,ss,2024-02-20 10:01:05,
409,Finite,15,3,996194,16.04776,80.2388,clear,,,sp,2024-02-20 10:01:05,
1079,X7124,14,2,1003153,15.6153,78.0765,clear,,,ss,2024-02-20 10:01:05,
978,Ascension to Heaven,15,3,997330,15.8932,79.466,clear,,,sp,2024-02-20 10:01:05,
618,業 -善なる神とこの世の悪について-,14,2,1004110,15.611,78.055,clear,,,ss,2024-02-20 10:01:05,
886,Memory of Beach,13+,3,1006467,15.5934,77.967,clear,,,ssp,2024-02-20 10:01:05,
1035,赤壁、大炎上！！,15,3,992031,15.78124,78.9062,failed,,,sp,2024-02-20 10:01:05,
993,B100d Hunter,14+,3,998985,15.6594,78.297,clear,,,sp,2024-02-20 10:01:05,
1016,Parad'ox,14+,3,998565,15.6426,78.213,clear,,,sp,2024-02-20 10:01:05,
328,★LittlE HearTs★,15,3,990225,15.809,79.045,clear,,,sp,2024-02-20 10:01:05,
2140,ピアノ協奏曲第１番”蠍火”,14,2,1004986,15.6986,78.493,clear,,,ss,2024-02-20 10:01:05,
2076,FIRE BIRD,13+,3,1007436,15.4872,77.436,clear,,,ssp,2024-02-20 10:01:05,
429,Black Lotus,14,3,1000094,15.4094,77.047,clear,,,ss,2024-02-20 10:01:05,
2039,]-[|/34<#!,14+,3,985896,15.33584,76.6792,failed,,,s,2024-02-20 10:01:05,
999,AttraqtiA,14+,3,987774,15.41096,77.0548,clear,,,s,2024-02-20 10:01:05,
893,Giselle,13+,2,1004735,15.2735,76.3675,clear,,,ss,2024-02-20 10:01:05,
2122,Akasagarbha -reincarnate-,14+,3,993631,15.24524,76.2262,clear,,,sp,2024-02-20 10:01:05,
2049,脳天直撃,15,3,983430,15.4372,77.186,failed,,,s,2024-02-20 10:01:05,
598,Super Lovely (Heavenly Remix),14,3,996453,15.15812,75.7906,clear,,,sp,2024-02-20 10:01:05,
2119,parvorbital,13,2,1008713,15.1213,76.8195,clear,,,sss,2024-02-20 10:01:05,
701,StufeStern,14,3,994358,15.07432,75.3716,clear,,,sp,2024-02-20 10:01:05,
106,宛城、炎上！！,15,3,978831,15.15324,75.7662,failed,,,s,2024-02-20 10:01:05,
788,Rebellion,14,2,995110,14.9044,74.522,clear,,,sp,2024-02-20 10:01:05,
2064,ピュグマリオンの咒文,14,3,992861,14.81444,74.0722,clear,,,sp,2024-02-20 10:01:05,
2056,Blazing Break,13+,3,999473,14.57892,72.8946,clear,,,sp,2024-02-20 10:01:05,
988,テリトリーバトル,12,3,1007598,14.4098,72.147,clear,,,sss,2024-02-20 10:01:05,
291,Kronos,13,3,1002167,14.2167,71.0835,clear,,,ss,2024-02-20 10:01:05,
108,The ether,13,3,1000548,14.0548,70.274,clear,,,ss,2024-02-20 10:01:05,
2055,Ring,11+,3,1009710,13.65,71.815,clear,alljustice,,sssp,2024-02-20 10:01:05,
233,アルストロメリア,12+,3,996459,13.35836,66.7918,clear,,,sp,2024-02-20 10:01:05,
287,ロミオとシンデレラ,11+,3,1002543,13.0543,65.2715,clear,,,ss,2024-02-20 10:01:05,
343,Daydream café,8,2,1009017,10.15,52.2755,clear,fullcombo,,sssp,2024-02-20 10:01:05,
628,サドマミホリック,14,3,1003098,15.5098,77.549,clear,,,ss,2024-02-20 10:01:06,2024-02-20 06:16:00
981,小悪魔の遊園地,15,3,996005,15.9402,79.701,clear,,,sp,2024-02-20 10:01:06,2024-02-20 06:06:00
972,宿星審判,15,3,991547,16.06188,80.3094,clear,,,sp,2024-02-20 10:01:06,2024-02-20 05:44:00
101,Tango Rouge,14+,3,1001633,15.6633,78.3165,clear,,,ss,2024-02-20 10:01:06,2024-02-20 05:34:00
1065,"Athlete Killer ""Meteor""",14,3,992987,14.71948,73.5974,clear,,,sp,2024-02-20 10:01:06,2024-02-20 05:22:00
1079,X7124,14,2,1003153,15.6153,78.0765,clear,,,ss,2024-02-20 10:01:06,2024-02-18 09:02:00
180,怒槌,15,3,996540,16.2616,81.308,clear,,,sp,2024-02-20 10:01:06,2024-02-18 08:47:00
2140,ピアノ協奏曲第１番”蠍火”,15+,3,979618,15.68472,78.4236,failed,,,s,2024-02-20 10:01:06,2024-02-18 08:13:00
506,G e n g a o z o,14+,3,986942,15.17768,75.8884,clear,,,s,2024-02-20 10:01:06,2024-02-18 08:04:00
982,The Metaverse -First story of the SeelischTact-,15+,3,983674,16.04696,80.2348,failed,,,s,2024-02-20 10:01:06,2024-02-18 07:05:00
753,Pure Ruby,14,3,1006435,16.087,80.435,clear,,,ssp,2024-02-20 10:01:05,
2089,Love & Justice,15,3,1000773,16.1773,80.8865,clear,,,ss,2024-02-20 10:01:05,
1015,Insane Gamemode,14,3,1005121,15.9242,79.621,clear,,,ssp,2024-02-20 10:01:05,
981,小悪魔の遊園地,15,3,999323,16.07292,80.3646,clear,,,sp,2024-02-20 10:01:05,
982,The Metaverse -First story of the SeelischTact-,15+,3,985611,16.12444,80.6222,clear,,,s,2024-02-20 10:01:05,
972,宿星審判,15,3,991547,16.06188,80.3094,clear,,,sp,2024-02-20 10:01:05,
978,Ascension to Heaven,13+,2,1007134,15.7268,78.634,clear,,,ssp,2024-02-20 10:01:05,
2140,ピアノ協奏曲第１番”蠍火”,15+,3,982907,15.81628,79.0814,clear,,,s,2024-02-20 10:01:05,
1100,TECHNOPOLIS 2085,14+,3,1001013,15.6013,78.0065,clear,,,ss,2024-02-20 10:01:05,
730,Ai Nov,14+,3,997040,15.6816,78.408,clear,,,sp,2024-02-20 10:01:05,
2034,A Site De La Rue,15,3,991605,15.7642,78.821,clear,,,sp,2024-02-20 10:01:05,
2161,POTENTIAL,15,3,985680,15.7272,78.636,clear,,,s,2024-02-20 10:01:05,
559,otorii INNOVATED -[i]3-,15,3,987506,15.70024,78.5012,clear,,,s,2024-02-20 10:01:05,
2135,IMPACT,14+,3,999845,15.4938,77.469,clear,,,sp,2024-02-20 10:01:05,
2161,POTENTIAL,14,2,1009241,16.15,82.6115,clear,,,sssp,2024-02-20 10:01:05,
893,Giselle,15,3,1001956,16.2956,81.478,clear,,,ss,2024-02-20 10:01:05,
2184,ENDYMION,14+,2,1005567,16.1134,80.567,clear,,,ssp,2024-02-20 10:01:05,
2041,8OROCHI,14,3,1002743,15.6743,78.3715,clear,,,ss,2024-02-20 10:01:05,
972,宿星審判,13+,2,1007955,15.8455,79.6825,clear,,,sss,2024-02-20 10:01:05,
927,MARENOL,15,3,999772,15.99088,79.9544,clear,,,sp,2024-02-20 10:01:05,
1033,《本能》 ～ ReCoda,14+,3,1001373,15.7373,78.6865,clear,,,ss,2024-02-20 10:01:05,
982,The Metaverse -First story of the SeelischTact-,14,2,1005072,15.7144,78.572,clear,,,ssp,2024-02-20 10:01:05,
887,SON OF SUN,13+,2,1006537,15.6074,78.037,clear,,,ssp,2024-02-20 10:01:05,
2090,《自戒》 ～ Paganelope,14+,3,999228,15.56912,77.8456,clear,,,sp,2024-02-20 10:01:05,
994,Last Celebration,14+,3,996008,15.54032,77.7016,clear,,,sp,2024-02-20 10:01:05,
232,Elemental Creation,14+,3,1001064,15.6064,78.032,clear,,,ss,2024-02-20 10:01:05,
1091,クロートーと星の観測者,14,3,1004978,15.4978,77.489,clear,,,ss,2024-02-20 10:01:05,
806,水晶世界 ～Fracture～,14+,3,993580,15.6432,78.216,clear,,,sp,2024-02-20 10:01:05,
823,Opfer,13+,2,1006020,15.404,77.02,clear,,,ssp,2024-02-20 10:01:05,
1092,真千年女王,14+,3,989099,15.46396,77.3198,clear,,,s,2024-02-20 10:01:05,
671,Taiko Drum Monster,14,3,1000288,15.3288,76.644,clear,,,ss,2024-02-20 10:01:05,
466,Iudicium,15,3,987656,15.50624,77.5312,clear,,,s,2024-02-20 10:01:05,
918,《破滅》 ～ Rhapsody for The End,15,3,984176,15.56704,77.8352,failed,,,s,2024-02-20 10:01:05,
2134,Iudicium “Apocalypsis Mix”,14,3,996123,15.24492,76.2246,clear,,,sp,2024-02-20 10:01:05,
524,ETERNAL DRAIN,13+,3,1005512,15.1024,75.512,clear,,,ssp,2024-02-20 10:01:05,
1066,Blazing:Storm,15,3,976963,15.07852,75.3926,failed,,,s,2024-02-20 10:01:05,
2035,XL TECHNO -More Dance Remix-,14+,3,985439,14.91756,74.5878,clear,,,s,2024-02-20 10:01:05,
1098,董卓討つべし,14,3,997065,14.8826,74.413,clear,,,sp,2024-02-20 10:01:05,
2069,Pre Paid Pog Punk Panic,14,3,989419,14.77676,73.8838,clear,,,s,2024-02-20 10:01:05,
343,Daydream café,12+,4,1007423,14.6846,73.423,clear,,,ssp,2024-02-20 10:01:05,
2075,キズナミュージック♪,12,3,1008572,14.5072,73.608,clear,fullcombo,,sss,2024-02-20 10:01:05,
618,業 -善なる神とこの世の悪について-,15+,3,974651,15.57906,77.8953,failed,,,aaa,2024-02-20 10:01:05,
2062,夢路拍子,12,3,1006555,14.211,71.055,clear,,,ssp,2024-02-20 10:01:05,
885,Ladymade Star,11+,3,1008252,13.7752,70.128,clear,fullcombo,,sss,2024-02-20 10:01:05,
2061,コスモポップファンクラブ,12,3,999226,12.96904,64.8452,clear,,,sp,2024-02-20 10:01:05,
893,Giselle,15,3,1001956,16.2956,81.478,clear,,,ss,2024-02-20 10:01:06,2024-02-20 06:12:00
2089,Love & Justice,15,3,1000773,16.1773,80.8865,clear,,,ss,2024-02-20 10:01:06,2024-02-20 06:02:00
982,The Metaverse -First story of the SeelischTact-,15+,3,985611,16.12444,80.6222,failed,,,s,2024-02-20 10:01:06,2024-02-20 05:51:00
2184,ENDYMION,14+,2,1005567,16.1134,80.567,clear,,,ssp,2024-02-20 10:01:06,2024-02-18 08:59:00
2062,夢路拍子,12,3,1006555,14.211,71.055,clear,,,ssp,2024-02-20 10:01:06,2024-02-18 08:43:00
2140,ピアノ協奏曲第１番”蠍火”,15+,3,982907,15.81628,79.0814,clear,,,s,2024-02-20 10:01:06,2024-02-18 08:10:00
2041,8OROCHI,14,3,1002743,15.6743,78.3715,clear,,,ss,2024-02-20 10:01:06,2024-02-18 08:01:00
559,otorii INNOVATED -[i]3-,15,3,981940,15.4776,77.388,clear,,,s,2024-02-20 10:01:06,2024-02-18 07:49:00
2208,Reverberate,15,3,1002644,16.4644,82.322,clear,,,ss,2024-02-20 10:01:06,2024-02-18 07:38:00
180,怒槌,15,3,985040,15.8016,79.008,failed,,,s,2024-02-20 10:01:06,2024-02-18 07:01:00
407,混沌を越えし我らが神聖なる調律主を讃えよ,14,2,1000209,15.4209,77.1045,clear,,,ss,2024-02-20 10:01:05,
837,Walzer für das Nichts,14+,3,994521,15.38084,76.9042,clear,,,sp,2024-02-20 10:01:05,
159,ジングルベル,14+,3,994057,15.36228,76.8114,clear,,,sp,2024-02-20 10:01:05,
2044,ミュージック・リボルバー,14+,3,993605,15.3442,76.721,clear,,,sp,2024-02-20 10:01:05,
219,玩具狂奏曲 -終焉-,15,3,977737,15.40948,77.0474,clear,,,s,2024-02-20 10:01:05,
2047,花たちに希望を,14,3,996717,15.16868,75.8434,clear,,,sp,2024-02-20 10:01:05,
938,Therapeutic Hoedown,14,3,993039,15.12156,75.6078,clear,,,sp,2024-02-20 10:01:05,
506,G e n g a o z o,14+,3,986942,15.17768,75.8884,clear,,,s,2024-02-20 10:01:05,
670,GERBERA,14+,3,988026,15.12104,75.6052,clear,,,s,2024-02-20 10:01:05,
807,BlythE,14,3,996856,14.97424,74.8712,clear,,,sp,2024-02-20 10:01:05,
1065,"Athlete Killer ""Meteor""",14,3,992987,14.71948,73.5974,clear,,,sp,2024-02-20 10:01:05,
1059,"Good bye, Merry-Go-Round.",14+,3,981878,14.87512,74.3756,clear,,,s,2024-02-20 10:01:05,
2067,Echoes,13+,3,998654,14.64616,73.2308,clear,,,sp,2024-02-20 10:01:05,
2036,CHAOS,13+,3,991975,14.479,72.395,clear,,,sp,2024-02-20 10:01:05,
2125,カラッポ・ノンフィクション,13,3,996745,14.2698,71.349,clear,,,sp,2024-02-20 10:01:05,
2187,タイムカプセル,12+,3,1002899,14.1899,70.9495,clear,,,ss,2024-02-20 10:01:05,
870,magnet,11+,3,1007158,13.4316,67.158,clear,,,ssp,2024-02-20 10:01:05,
343,Daydream café,11,3,1003921,12.7921,63.9605,clear,,,ss,2024-02-20 10:01:05,
2208,Reverberate,15,3,571907,1.222419,6.112095,failed,,,c,2024-02-20 10:01:06,2024-02-20 06:19:00
981,小悪魔の遊園地,15,3,995423,15.91692,79.5846,clear,,,sp,2024-02-20 10:01:06,2024-02-20 06:09:00
464,World Vanquisher,15+,3,978593,15.64372,78.2186,failed,,,s,2024-02-20 10:01:06,2024-02-20 05:59:00
2089,Love & Justice,15,3,993302,15.83208,79.1604,clear,,,sp,2024-02-20 10:01:06,2024-02-20 05:37:00
101,Tango Rouge,14+,3,996832,15.37328,76.8664,failed,,,sp,2024-02-20 10:01:06,2024-02-20 05:26:00
2067,Echoes,13+,3,998654,14.64616,73.2308,clear,,,sp,2024-02-20 10:01:06,2024-02-18 08:39:00
2208,Reverberate,15,3,1002144,16.4144,82.072,clear,,,ss,2024-02-20 10:01:06,2024-02-18 08:27:00
2140,ピアノ協奏曲第１番”蠍火”,15+,3,969098,15.14588,75.7294,clear,,,aaa,2024-02-20 10:01:06,2024-02-18 08:07:00
2161,POTENTIAL,15,3,984850,15.694,78.47,clear,,,s,2024-02-20 10:01:06,2024-02-18 07:57:00
618,業 -善なる神とこの世の悪について-,14,2,1004110,15.611,78.055,clear,,,ss,2024-02-20 10:01:06,2024-02-18 06:57:00
618,業 -善なる神とこの世の悪について-,15+,3,984580,15.9832,79.916,failed,,,s,2024-02-24 10:30:23,
938,Therapeutic Hoedown,14,3,995825,15.233,76.165,clear,,,sp,2024-02-24 10:30:23,
551,Sparking Revolver,14+,3,572713,1.17552683333333,5.87763416666667,failed,,,c,2024-02-24 10:30:24,2024-02-24 10:02:00
409,Finite,15,3,998322,16.13288,80.6644,clear,,,sp,2024-02-24 10:30:24,2024-02-24 09:53:00
1033,《本能》 ～ ReCoda,14+,3,565948,1.055168,5.27584,failed,,,c,2024-02-24 10:30:24,2024-02-24 09:32:00
625,volcanic,14,3,824108,5.833076,29.16538,failed,,,bbb,2024-02-24 10:30:24,2024-02-24 09:02:00
893,Giselle,15,3,1001956,16.2956,81.478,clear,,,ss,2024-02-24 10:30:24,2024-02-20 06:12:00
2089,Love & Justice,15,3,1000773,16.1773,80.8865,clear,,,ss,2024-02-24 10:30:24,2024-02-20 06:02:00
982,The Metaverse -First story of the SeelischTact-,15+,3,985611,16.12444,80.6222,failed,,,s,2024-02-24 10:30:24,2024-02-20 05:51:00
972,宿星審判,15,3,987472,15.89888,79.4944,clear,,,s,2024-02-24 10:30:24,2024-02-20 05:40:00
2056,Blazing Break,13+,3,999473,14.57892,72.8946,clear,,,sp,2024-02-24 10:30:24,2024-02-20 05:19:00
2184,ENDYMION,14+,2,1005567,16.1134,80.567,clear,,,ssp,2024-02-24 10:30:24,2024-02-18 08:59:00
409,Finite,15,3,998322,16.13288,80.6644,clear,,,sp,2024-02-24 10:30:23,
328,★LittlE HearTs★,15,3,992349,15.89396,79.4698,clear,,,sp,2024-02-24 10:30:23,
918,《破滅》 ～ Rhapsody for The End,15,3,988118,15.72472,78.6236,failed,,,s,2024-02-24 10:30:23,
551,Sparking Revolver,14+,3,572713,1.17552683333333,5.87763416666667,failed,,,c,2024-02-24 10:30:23,
618,業 -善なる神とこの世の悪について-,15+,3,984400,15.976,79.88,failed,,,s,2024-02-24 10:30:24,2024-02-24 10:14:00
938,Therapeutic Hoedown,14,3,995825,15.233,76.165,clear,,,sp,2024-02-24 10:30:24,2024-02-24 09:47:00
465,macrocosmos,15,3,985066,15.80264,79.0132,failed,,,s,2024-02-24 10:30:24,2024-02-24 09:16:00
465,macrocosmos,15,3,812800,5.8656,29.328,failed,,,bbb,2024-02-24 10:30:24,2024-02-24 08:55:00
628,サドマミホリック,14,3,1003098,15.5098,77.549,clear,,,ss,2024-02-24 10:30:24,2024-02-20 06:16:00
101,Tango Rouge,14+,3,1001633,15.6633,78.3165,clear,,,ss,2024-02-24 10:30:24,2024-02-20 05:34:00
1065,"Athlete Killer ""Meteor""",14,3,992987,14.71948,73.5974,clear,,,sp,2024-02-24 10:30:24,2024-02-20 05:22:00
465,macrocosmos,15,3,986434,15.85736,79.2868,failed,,,s,2024-02-24 10:30:23,
159,ジングルベル,14+,3,1000311,15.6311,78.1555,clear,,,ss,2024-02-24 10:30:23,
51,My First Phone,14,3,1002179,15.2179,76.0895,clear,,,ss,2024-02-24 10:30:23,
1035,赤壁、大炎上！！,15,3,978086,15.22344,76.1172,failed,,,s,2024-02-24 10:30:24,2024-02-24 10:00:00
918,《破滅》 ～ Rhapsody for The End,15,3,988118,15.72472,78.6236,failed,,,s,2024-02-24 10:30:24,2024-02-24 09:30:00
328,★LittlE HearTs★,15,3,992349,15.89396,79.4698,clear,,,sp,2024-02-24 10:30:24,2024-02-24 09:20:00
2208,Reverberate,15,3,571907,1.222419,6.112095,failed,,,c,2024-02-24 10:30:24,2024-02-20 06:19:00
981,小悪魔の遊園地,15,3,995423,15.91692,79.5846,clear,,,sp,2024-02-24 10:30:24,2024-02-20 06:09:00
2089,Love & Justice,15,3,993302,15.83208,79.1604,clear,,,sp,2024-02-24 10:30:24,2024-02-20 05:37:00
101,Tango Rouge,14+,3,996832,15.37328,76.8664,failed,,,sp,2024-02-24 10:30:24,2024-02-20 05:26:00
2184,ENDYMION,14+,2,1007058,16.4116,82.058,clear,,,ssp,2024-03-01 05:35:37,
618,業 -善なる神とこの世の悪について-,15+,3,987508,16.10032,80.5016,failed,,,s,2024-03-01 05:35:37,
2184,ENDYMION,14+,2,1007058,16.4116,82.058,clear,,,ssp,2024-03-01 05:35:37,2024-03-01 05:30:00
180,怒槌,15,3,992203,16.08812,80.4406,failed,,,sp,2024-03-01 05:35:37,2024-02-24 10:18:00
1035,赤壁、大炎上！！,15,3,978086,15.22344,76.1172,failed,,,s,2024-03-01 05:35:37,2024-02-24 10:00:00
219,玩具狂奏曲 -終焉-,15,3,983057,15.62228,78.1114,failed,,,s,2024-03-01 05:35:37,2024-02-24 09:40:00
918,《破滅》 ～ Rhapsody for The End,15,3,988118,15.72472,78.6236,failed,,,s,2024-03-01 05:35:37,2024-02-24 09:30:00
465,macrocosmos,15,3,976820,15.4728,77.364,failed,,,s,2024-03-01 05:35:37,2024-02-24 08:59:00
2208,Reverberate,15,3,571907,1.222419,6.112095,failed,,,c,2024-03-01 05:35:37,2024-02-20 06:19:00
981,小悪魔の遊園地,15,3,995423,15.91692,79.5846,clear,,,sp,2024-03-01 05:35:37,2024-02-20 06:09:00
464,World Vanquisher,15+,3,978593,15.64372,78.2186,failed,,,s,2024-03-01 05:35:37,2024-02-20 05:59:00
2038,SINister Evolution,14+,3,1006705,16.741,83.705,clear,,,ssp,2024-03-01 05:35:37,
2038,SINister Evolution,14+,3,1006705,16.741,83.705,clear,,,ssp,2024-03-01 05:35:37,2024-03-01 05:33:00
2161,POTENTIAL,14,2,1008513,16.1013,81.5195,clear,,,sss,2024-03-01 05:35:37,2024-03-01 05:12:00
1033,《本能》 ～ ReCoda,14+,3,996926,15.47704,77.3852,clear,,,sp,2024-03-01 05:35:37,2024-03-01 05:01:00
618,業 -善なる神とこの世の悪について-,15+,3,984580,15.9832,79.916,failed,,,s,2024-03-01 05:35:37,2024-02-24 10:11:00
551,Sparking Revolver,14+,3,572713,1.17552683333333,5.87763416666667,failed,,,c,2024-03-01 05:35:37,2024-02-24 10:02:00
409,Finite,15,3,998322,16.13288,80.6644,clear,,,sp,2024-03-01 05:35:37,2024-02-24 09:53:00
1033,《本能》 ～ ReCoda,14+,3,565948,1.055168,5.27584,failed,,,c,2024-03-01 05:35:37,2024-02-24 09:32:00
465,macrocosmos,15,3,986434,15.85736,79.2868,failed,,,s,2024-03-01 05:35:37,2024-02-24 09:13:00
625,volcanic,14,3,824108,5.833076,29.16538,failed,,,bbb,2024-03-01 05:35:37,2024-02-24 09:02:00
151,Alma,13+,3,1002663,15.0663,75.3315,clear,,,ss,2024-03-01 05:35:37,2024-02-20 06:23:00
893,Giselle,15,3,1001956,16.2956,81.478,clear,,,ss,2024-03-01 05:35:37,2024-02-20 06:12:00
2089,Love & Justice,15,3,1000773,16.1773,80.8865,clear,,,ss,2024-03-01 05:35:37,2024-02-20 06:02:00
982,The Metaverse -First story of the SeelischTact-,15+,3,985611,16.12444,80.6222,failed,,,s,2024-03-01 05:35:37,2024-02-20 05:51:00
2208,Reverberate,15,3,996235,16.0494,80.247,clear,,,sp,2024-03-01 05:35:37,2024-03-01 05:15:00
101,Tango Rouge,14+,3,997973,15.41892,77.0946,clear,,,sp,2024-03-01 05:35:37,2024-03-01 04:54:00
618,業 -善なる神とこの世の悪について-,15+,3,984400,15.976,79.88,failed,,,s,2024-03-01 05:35:37,2024-02-24 10:14:00
2034,A Site De La Rue,15,3,892566,9.724583,48.622915,failed,,,bbb,2024-03-01 05:35:37,2024-02-24 09:56:00
938,Therapeutic Hoedown,14,3,995825,15.233,76.165,clear,,,sp,2024-03-01 05:35:37,2024-02-24 09:47:00
219,玩具狂奏曲 -終焉-,15,3,986729,15.76916,78.8458,clear,,,s,2024-03-01 05:35:37,2024-02-24 09:36:00
82,Memories of Sun and Moon,13+,3,1003275,14.8275,74.1375,clear,,,ss,2024-03-01 05:35:37,2024-02-24 09:06:00
628,サドマミホリック,14,3,1003098,15.5098,77.549,clear,,,ss,2024-03-01 05:35:37,2024-02-20 06:16:00
981,小悪魔の遊園地,15,3,996005,15.9402,79.701,clear,,,sp,2024-03-01 05:35:37,2024-02-20 06:06:00
33,Blue Noise,14+,3,996272,15.35088,76.7544,clear,,,sp,2024-03-01 05:35:37,2024-02-20 05:55:00
982,The Metaverse -First story of the SeelischTact-,15+,3,971894,15.51364,77.5682,failed,,,aaa,2024-06-14 07:49:44,2024-06-14 04:33:00
466,Iudicium,15,3,991430,15.6572,78.286,failed,,,sp,2024-06-14 07:49:44,2024-06-10 12:48:00
551,Sparking Revolver,14+,3,960902,13.85412,69.2706,failed,,,aaa,2024-06-14 07:49:44,2024-06-03 06:29:00
385,Evans,14,3,999327,15.37308,76.8654,failed,,,sp,2024-06-14 07:49:44,2024-06-03 06:10:00
932,ARROW RAIN feat. Ayame,13+,3,998622,14.64488,73.2244,failed,,,sp,2024-06-14 07:49:44,2024-06-03 05:59:00
619,End Time,15,3,985175,15.507,77.535,failed,,,s,2024-06-14 07:49:44,2024-06-03 03:52:00
1033,《本能》 ～ ReCoda,14+,3,1000681,15.6681,78.3405,failed,,,ss,2024-06-14 07:49:44,2024-05-17 07:38:00
506,G e n g a o z o,14+,3,985403,15.11612,75.5806,failed,,,s,2024-06-14 07:49:44,2024-05-17 07:29:00
1017,ANU,15,3,982421,15.59684,77.9842,failed,,,s,2024-06-14 07:49:44,2024-05-04 06:25:00
2161,POTENTIAL,15,3,991363,15.95452,79.7726,failed,,,sp,2024-06-14 07:49:44,2024-05-02 06:45:00
232,Elemental Creation,14+,3,1002532,15.7532,78.766,failed,,,ss,2024-06-14 07:49:44,2024-04-30 13:42:00
2171,Titania,15,3,1001610,16.161,80.805,failed,,,ss,2024-06-14 07:49:44,2024-04-30 13:31:00
226,Garakuta Doll Play,15,3,975388,15.01552,75.0776,failed,,,s,2024-06-14 07:49:44,2024-04-30 12:55:00
1032,《選別》 ～ Refuge,14,3,1006276,15.8552,79.276,clear,,,ssp,2024-06-14 07:49:46,
999,AttraqtiA,14+,3,999853,15.89412,79.4706,clear,,,sp,2024-06-14 07:49:46,
137,Angel dust,15,3,997641,15.90564,79.5282,clear,,,sp,2024-06-14 07:49:46,
1044,BUCHiGiRE Berserker,14+,3,999231,15.76924,78.8462,clear,,,sp,2024-06-14 07:49:46,
2047,花たちに希望を,14,3,1003346,15.6346,78.173,clear,,,ss,2024-06-14 07:49:46,
2034,A Site De La Rue,15,3,992575,15.803,79.015,clear,,,sp,2024-06-14 07:49:46,
1066,Blazing:Storm,15,3,990531,15.62124,78.1062,clear,,,sp,2024-06-14 07:49:46,
1059,"Good bye, Merry-Go-Round.",14+,3,999279,15.57116,77.8558,clear,,,sp,2024-06-14 07:49:46,
938,Therapeutic Hoedown,14,3,998217,15.32868,76.6434,clear,,,sp,2024-06-14 07:49:46,
2117,Qliphothgear,14+,3,988650,15.046,75.23,clear,,,s,2024-06-14 07:49:46,
2120,Inpaqq,13+,3,997811,14.81244,74.0622,clear,,,sp,2024-06-14 07:49:46,
697,folern,14+,3,1002405,15.9405,79.7025,failed,,,ss,2024-06-14 07:49:44,2024-06-14 04:26:00
881,Trrricksters!!,15,3,597815,1.6791575,8.3957875,failed,,,c,2024-06-14 07:49:44,2024-06-10 12:41:00
993,B100d Hunter,14+,3,993504,15.44016,77.2008,failed,,,sp,2024-06-14 07:49:44,2024-06-03 06:32:00
981,小悪魔の遊園地,15,3,987635,15.6054,78.027,failed,,,s,2024-06-14 07:49:44,2024-06-03 06:22:00
2076,FIRE BIRD,13+,3,979532,13.68128,0,failed,,,s,2024-06-14 07:49:44,2024-06-03 05:53:00
993,B100d Hunter,14+,3,984330,15.0732,75.366,failed,,,s,2024-06-14 07:49:44,2024-05-27 10:29:00
559,otorii INNOVATED -[i]3-,15,3,981233,15.44932,77.2466,failed,,,s,2024-06-14 07:49:44,2024-04-30 13:45:00
2171,Titania,15,3,1003485,16.3485,81.7425,failed,,,ss,2024-06-14 07:49:44,2024-04-30 13:34:00
823,Opfer,15,3,996201,15.84804,79.2402,failed,,,sp,2024-06-14 07:49:44,2024-04-30 13:12:00
1035,赤壁、大炎上！！,15,3,978013,15.22052,76.1026,failed,,,s,2024-06-14 07:49:44,2024-04-30 12:59:00
2208,Reverberate,15,3,1004181,16.6181,83.0905,clear,,,ss,2024-06-14 07:49:46,
1016,Parad'ox,14+,3,1003803,16.0803,80.4015,clear,,,ss,2024-06-14 07:49:46,
625,volcanic,14,3,1004144,15.8144,79.072,clear,,,ss,2024-06-14 07:49:46,
464,World Vanquisher,15+,3,983410,15.8364,79.182,failed,,,s,2024-06-14 07:49:46,
619,End Time,15,3,992625,15.805,79.025,clear,,,sp,2024-06-14 07:49:46,
386,神威,15,3,991091,15.74364,78.7182,clear,,,sp,2024-06-14 07:49:46,
2039,]-[|/34<#!,14+,3,990170,15.5068,0,clear,,,sp,2024-06-14 07:49:46,
2134,Iudicium “Apocalypsis Mix”,14,3,1000748,15.4748,77.374,clear,,,ss,2024-06-14 07:49:46,
106,宛城、炎上！！,15,3,988850,15.554,77.77,failed,,,s,2024-06-14 07:49:46,
1041,DX超性能フルメタル少女,14,3,995221,15.10884,75.5442,failed,,,sp,2024-06-14 07:49:46,
248,Schrecklicher Aufstand,15,3,366747,0,0,failed,,,d,2024-06-14 07:49:46,
2208,Reverberate,15,3,996803,16.07212,80.3606,failed,,,sp,2024-06-14 07:49:44,2024-06-14 04:29:00
881,Trrricksters!!,15,3,981461,15.55844,77.7922,failed,,,s,2024-06-14 07:49:44,2024-06-10 12:44:00
837,Walzer für das Nichts,14+,3,988003,15.12012,75.6006,failed,,,s,2024-06-14 07:49:44,2024-06-03 06:35:00
981,小悪魔の遊園地,15,3,991769,15.77076,78.8538,failed,,,sp,2024-06-14 07:49:44,2024-06-03 06:25:00
281,ラクガキスト,14,3,997237,15.28948,76.4474,failed,,,sp,2024-06-14 07:49:44,2024-06-03 06:07:00
2076,FIRE BIRD,13+,3,1004766,14.9766,0,failed,,,ss,2024-06-14 07:49:44,2024-06-03 05:56:00
730,Ai Nov,14+,3,999439,15.77756,78.8878,failed,,,sp,2024-06-14 07:49:44,2024-06-03 03:48:00
466,Iudicium,15,3,994798,15.79192,78.9596,failed,,,sp,2024-06-14 07:49:44,2024-05-27 10:33:00
2076,FIRE BIRD,13+,3,969482,13.16892,0,failed,,,aaa,2024-06-14 07:49:44,2024-05-17 07:35:00
386,神威,15,3,989035,15.6614,78.307,failed,,,s,2024-06-14 07:49:44,2024-05-02 06:52:00
2171,Titania,15,3,998666,15.94664,79.7332,failed,,,sp,2024-06-14 07:49:44,2024-04-30 13:16:00
701,StufeStern,14,3,998928,15.25712,76.2856,failed,,,sp,2024-06-14 07:49:44,2024-04-19 08:17:00
2168,J219,14+,3,1003873,15.8873,79.4365,clear,,,ss,2024-06-14 07:49:46,
559,otorii INNOVATED -[i]3-,15,3,992562,15.90248,79.5124,clear,,,sp,2024-06-14 07:49:46,
466,Iudicium,15,3,996030,15.8412,79.206,clear,,,sp,2024-06-14 07:49:46,
180,怒槌,15,3,998573,16.34292,81.7146,clear,,,sp,2024-06-14 07:49:46,
918,《破滅》 ～ Rhapsody for The End,15,3,991789,15.87156,79.3578,failed,,,sp,2024-06-14 07:49:46,
822,Excalibur ～Revived resolution～,14+,3,992804,15.51216,77.5608,failed,,,sp,2024-06-14 07:49:46,
2049,脳天直撃,15,3,989405,15.6762,78.381,clear,,,s,2024-06-14 07:49:46,
2218,Re：End of a Dream,15,3,990416,15.71664,78.5832,clear,,,sp,2024-06-14 07:49:46,
2119,parvorbital,15,3,980007,15.50028,77.5014,failed,,,s,2024-06-14 07:49:46,
2118,SQUAD-Phvntom-,14,3,991972,15.07888,75.3944,clear,,,sp,2024-06-14 07:49:46,
151,Alma,13+,3,1002663,15.0663,75.3315,clear,,,ss,2024-02-20 10:01:05,
679,Papyrus,13+,3,1002492,14.7492,73.746,clear,,,ss,2024-02-20 10:01:05,
137,Angel dust,15,3,997433,15.89732,79.4866,clear,,,sp,2024-02-20 10:01:05,
137,Angel dust,15,3,1005709,16.6418,83.209,clear,,,ssp,2025-09-28 13:44:50,
151,Alma,13+,3,1002663,15.0663,75.3315,clear,,,ss,2024-02-20 10:01:06,2024-02-20 06:23:00
151,Alma,13+,3,1002663,15.0663,75.3315,clear,,,ss,2024-02-24 10:30:24,2024-02-20 06:23:00
159,ジングルベル,14+,3,1000311,15.6311,78.1555,clear,,,ss,2024-02-24 10:30:24,2024-02-24 09:50:00
159,ジングルベル,14+,3,1000311,15.6311,78.1555,clear,,,ss,2024-03-01 05:35:37,2024-02-24 09:50:00
159,ジングルベル,14+,3,998493,15.53972,77.6986,failed,,,sp,2024-06-14 07:49:44,2024-04-30 13:48:00
141,閃鋼のブリューナク,14+,3,985184,15.00736,75.0368,clear,,,s,2024-02-20 10:01:05,
144,Aragami,14+,3,1004625,16.0625,80.3125,clear,,,ss,2024-02-20 10:01:05,
730,Ai Nov,14+,3,990378,15.41512,77.0756,failed,,,sp,2024-06-14 07:49:44,2024-06-03 03:44:00
144,Aragami,14+,3,1007199,16.5398,82.699,clear,,,ssp,2025-09-28 13:44:50,
281,ラクガキスト,14,3,987388,14.89552,74.4776,failed,,,s,2024-06-14 07:49:44,2024-06-03 06:03:00
159,ジングルベル,15,4,1002010,16.201,81.005,clear,,,ss,2025-09-28 13:44:50,
749,Fracture Ray,14+,3,1004186,16.1186,80.593,clear,,,ss,2024-06-14 07:49:46,
749,Fracture Ray,14+,3,993778,15.45112,77.2556,clear,,,sp,2024-02-20 10:01:05,
385,Evans,14,3,997149,15.28596,76.4298,clear,,,sp,2024-02-20 10:01:05,
173,Halcyon,15,4,1006111,16.8222,84.111,clear,,,ssp,2025-09-28 13:44:50,
180,怒槌,14,2,1004635,15.4635,77.3175,clear,,,ss,2024-02-20 10:01:05,
297,風仁雷仁,13,3,1007545,15.2045,76.0675,clear,,,sss,2024-02-20 10:01:05,
180,怒槌,15,3,996540,16.2616,81.308,clear,,,sp,2024-02-20 10:01:05,
180,怒槌,15,3,992203,16.08812,80.4406,failed,,,sp,2024-02-24 10:30:24,2024-02-24 10:18:00
180,怒槌,15,3,988356,15.93424,79.6712,failed,,,s,2024-02-20 10:01:06,2024-02-20 05:47:00
180,怒槌,15,3,988356,15.93424,79.6712,failed,,,s,2024-02-24 10:30:24,2024-02-20 05:47:00
180,怒槌,15,3,988356,15.93424,79.6712,failed,,,s,2024-03-01 05:35:37,2024-02-20 05:47:00
180,怒槌,15,3,998520,16.3408,81.704,clear,,,sp,2025-09-28 13:44:50,2025-09-28 11:55:00
180,怒槌,15,3,988950,15.958,79.79,clear,,,s,2024-02-20 10:01:06,2024-02-18 07:42:00
407,混沌を越えし我らが神聖なる調律主を讃えよ,15+,3,946296,13.77776,68.8888,failed,,,aa,2024-02-20 10:01:06,2024-02-18 08:17:00
187,患部で止まってすぐ溶ける～狂気の優曇華院,15,4,982161,15.38644,76.9322,failed,,,s,2024-02-20 10:01:05,
196,FREEDOM DiVE,15,3,993730,15.7492,78.746,clear,,,sp,2024-02-20 10:01:05,
196,FREEDOM DiVE,15,3,93289,0,0,failed,,,d,2024-02-24 10:30:24,2024-02-24 10:07:00
196,FREEDOM DiVE,15,3,93289,0,0,failed,,,d,2024-03-01 05:35:37,2024-02-24 10:07:00
196,FREEDOM DiVE,15,3,409059,0,0,failed,,,d,2024-06-14 07:49:44,2024-06-03 06:38:00
775,暗晦にハイライト,14+,3,1001056,15.6056,78.028,failed,,,ss,2024-06-14 07:49:44,2024-04-30 13:09:00
196,FREEDOM DiVE,15,3,1004599,16.4599,82.2995,clear,,,ss,2025-09-28 13:44:50,
219,玩具狂奏曲 -終焉-,15,3,986729,15.76916,78.8458,clear,,,s,2024-02-24 10:30:23,
465,macrocosmos,15,3,812800,5.8656,29.328,failed,,,bbb,2024-03-01 05:35:37,2024-02-24 08:55:00
465,macrocosmos,15,3,976820,15.4728,77.364,failed,,,s,2024-02-24 10:30:24,2024-02-24 08:59:00
465,macrocosmos,15,3,996683,16.26732,81.3366,clear,,,sp,2024-03-01 05:35:37,
465,macrocosmos,15,3,996683,16.26732,81.3366,clear,,,sp,2024-03-01 05:35:37,2024-03-01 05:05:00
551,Sparking Revolver,14+,3,492345,0,0,failed,,,d,2024-03-01 05:35:37,2024-02-24 09:26:00
201,Contrapasso -inferno-,15,3,1000778,16.2778,81.389,clear,,,ss,2025-09-28 13:44:50,
226,Garakuta Doll Play,15,3,1005050,16.51,82.55,clear,,,ssp,2025-09-28 13:44:50,
618,業 -善なる神とこの世の悪について-,15+,3,987508,16.10032,80.5016,failed,,,s,2024-03-01 05:35:37,2024-03-01 05:08:00
226,Garakuta Doll Play,15,3,855372,7.7686,38.843,failed,,,bbb,2024-06-14 07:49:44,2024-05-17 07:32:00
625,volcanic,14,3,1002296,15.6296,78.148,clear,,,ss,2024-02-20 10:01:05,
219,玩具狂奏曲 -終焉-,15,3,986729,15.76916,78.8458,clear,,,s,2024-02-24 10:30:24,2024-02-24 09:36:00
219,玩具狂奏曲 -終焉-,15,3,983057,15.62228,78.1114,failed,,,s,2024-02-24 10:30:24,2024-02-24 09:40:00
972,宿星審判,15,3,987472,15.89888,79.4944,clear,,,s,2024-02-20 10:01:06,2024-02-20 05:40:00
219,玩具狂奏曲 -終焉-,15,3,989730,15.8892,79.446,failed,,,s,2024-06-14 07:49:44,2024-05-04 06:28:00
232,Elemental Creation,11,2,1009764,13.45,70.896,clear,alljustice,,sssp,2024-02-20 10:01:05,
232,Elemental Creation,11,2,1009764,13.45,70.896,clear,alljustice,,sssp,2024-02-20 10:01:06,2024-02-18 08:21:00
232,Elemental Creation,14+,3,1001064,15.6064,78.032,clear,,,ss,2024-02-20 10:01:06,2024-02-18 07:31:00
229,紅華刑,14,3,1006577,16.2154,81.077,clear,,,ssp,2025-09-28 13:44:50,
232,Elemental Creation,15,4,1006515,16.903,84.515,clear,,,ssp,2025-09-28 13:44:50,
981,小悪魔の遊園地,15,3,996005,15.9402,79.701,clear,,,sp,2024-02-24 10:30:24,2024-02-20 06:06:00
982,The Metaverse -First story of the SeelischTact-,14,2,1005072,15.7144,78.572,clear,,,ssp,2024-02-20 10:01:06,2024-02-18 09:06:00
982,The Metaverse -First story of the SeelischTact-,14,2,1005072,15.7144,78.572,clear,,,ssp,2024-02-24 10:30:24,2024-02-18 09:06:00
232,Elemental Creation,15,4,994176,15.86704,79.3352,clear,,,sp,2024-02-20 10:01:05,
232,Elemental Creation,15,4,979048,15.26192,76.3096,failed,,,s,2024-02-20 10:01:06,2024-02-18 08:24:00
752,CO5M1C R4ILR0AD,14,3,1003816,15.4816,77.408,clear,,,ss,2024-02-20 10:01:05,
982,The Metaverse -First story of the SeelischTact-,15+,3,983288,16.03152,80.1576,failed,,,s,2024-06-14 07:49:44,2024-04-19 08:24:00
982,The Metaverse -First story of the SeelischTact-,15+,3,982234,15.98936,79.9468,clear,,,s,2024-02-20 10:01:06,2024-02-18 07:46:00
982,The Metaverse -First story of the SeelischTact-,15+,3,985945,16.1378,80.689,clear,,,s,2024-06-14 07:49:46,
233,アルストロメリア,14+,4,1000683,15.6683,78.3415,clear,,,ss,2024-02-20 10:01:05,
233,アルストロメリア,14+,4,1008766,16.7266,85.399,clear,fullcombo,,sss,2025-09-28 13:44:50,
972,宿星審判,15,3,991547,16.06188,80.3094,clear,,,sp,2024-02-24 10:30:24,2024-02-20 05:44:00
234,Devastating Blaster,15,3,995959,15.83836,79.1918,clear,,,sp,2025-09-28 13:44:50,
1009,Alea jacta est!,14+,3,1007579,16.8079,84.1185,clear,,,sss,2025-09-28 13:44:50,
258,TiamaT:F minor,15,3,985959,15.73836,78.6918,failed,,,s,2024-06-14 07:49:44,2024-04-19 08:21:00
258,TiamaT:F minor,15,3,987288,15.79152,78.9576,failed,,,s,2024-06-14 07:49:46,
258,TiamaT:F minor,15,3,1001766,16.4766,82.383,clear,,,ss,2025-09-28 13:44:50,
982,The Metaverse -First story of the SeelischTact-,15+,3,976168,15.74672,78.7336,failed,,,s,2024-02-20 10:01:06,2024-02-18 07:08:00
51,My First Phone,14,3,998101,14.92404,74.6202,failed,,,sp,2024-06-14 07:49:44,2024-04-30 13:38:00
281,ラクガキスト,14,3,997846,15.31384,76.5692,clear,,,sp,2024-02-20 10:01:05,
317,Air,14+,3,1006664,16.3328,81.664,clear,,,ssp,2025-09-28 13:44:50,
317,Air,14+,3,1003949,15.8949,79.4745,clear,,,ss,2024-03-01 05:35:37,2024-03-01 05:27:00
893,Giselle,15,3,1008021,17.1521,86.7815,clear,fullcombo,,sss,2025-09-28 13:44:50,
2218,Re：End of a Dream,15,3,1007523,17.1023,85.5345,clear,,,sss,2025-09-28 13:44:50,
2432,Aiolos,15,3,1007546,17.0046,86.069,clear,fullcombo,,sss,2025-09-28 13:44:50,
2538,Longinus,14+,3,1007895,16.9395,86.0925,clear,fullcombo,,sss,2025-09-28 13:44:50,
1010,Viyella's Tears,15,3,1006688,16.9376,84.688,clear,,,ssp,2025-09-28 13:44:50,
2351,Sheriruth,14+,3,1007834,16.9334,85.001,clear,,,sss,2025-09-28 13:44:50,
2239,ホーリーサンバランド,15,3,1007140,16.928,85.64,clear,fullcombo,,ssp,2025-09-28 13:44:50,
2320,エータ・ベータ・イータ,14+,3,1008260,16.876,85.14,clear,,,sss,2025-09-28 13:44:50,
2038,SINister Evolution,14+,3,1007194,16.8388,84.194,clear,,,ssp,2025-09-28 13:44:50,
2050,封焔の135秒,15,3,1006604,16.8208,84.104,clear,,,ssp,2025-09-28 13:44:50,
1085,BATTLE NO.1,14+,3,1007062,16.8124,84.062,clear,,,ssp,2025-09-28 13:44:50,
730,Ai Nov,14+,3,1007533,16.8033,84.0495,clear,,,sss,2025-09-28 13:44:50,
669,ouroboros -twin stroke of the end-,14+,3,1007472,16.7944,83.972,clear,,,ssp,2025-09-28 13:44:50,
1058,the EmpErroR,14+,3,1006865,16.773,83.865,clear,,,ssp,2025-09-28 13:44:50,
978,Ascension to Heaven,15,3,1006342,16.7684,83.842,clear,,,ssp,2025-09-28 13:44:50,
2182,初音天地開闢神話,14+,3,1007282,16.7564,83.782,clear,,,ssp,2025-09-28 13:44:50,
776,8-EM,14+,3,1007213,16.7426,83.713,clear,,,ssp,2025-09-28 13:44:50,
823,Opfer,15,3,1006201,16.7402,83.701,clear,,,ssp,2025-09-28 13:44:50,
2206,HERA,15,3,1006145,16.729,83.645,clear,,,ssp,2025-09-28 13:44:50,
2600,其のエメラルドを見よ,15,3,1005583,16.7166,84.583,clear,fullcombo,,ssp,2025-09-28 13:44:50,2025-09-28 11:18:00
2208,Reverberate,15,3,1004997,16.6997,84.4985,clear,fullcombo,,ss,2025-09-28 13:44:50,
409,Finite,15,3,1004989,16.6989,83.4945,clear,,,ss,2025-09-28 13:44:50,
538,AMAZING MIGHTYYYY!!!!,14+,3,1006910,16.682,83.41,clear,,,ssp,2025-09-28 13:44:50,
981,小悪魔の遊園地,15,3,1005404,16.6808,83.404,clear,,,ssp,2025-09-28 13:44:50,
2210,Scythe of Death,15,3,1004713,16.6713,83.3565,clear,,,ss,2025-09-28 13:44:50,
1035,赤壁、大炎上！！,15,3,1005354,16.6708,83.354,clear,,,ssp,2025-09-28 13:44:50,
465,macrocosmos,15,3,1002661,16.6661,83.3305,clear,,,ss,2025-09-28 13:44:50,
2339,Daphnis,15+,3,1000648,16.6648,83.324,clear,,,ss,2025-09-28 13:44:50,
822,Excalibur ～Revived resolution～,14+,3,1006778,16.6556,83.278,clear,,,ssp,2025-09-28 13:44:50,
2295,Viyella's Scream,15,3,1005211,16.6422,83.211,clear,,,ssp,2025-09-28 13:44:50,
2353,幻想即興曲,15,3,1005108,16.6216,83.108,clear,,,ssp,2025-09-28 13:44:50,
2184,ENDYMION,14+,2,1008495,16.5995,83.9925,clear,,,sss,2025-09-28 13:44:50,
2593,Rrhar'il,15,3,1004764,16.5764,82.882,clear,,,ss,2025-09-28 13:44:50,2025-09-28 11:37:00
2044,ミュージック・リボルバー,14+,3,1007338,16.5676,82.838,clear,,,ssp,2025-09-28 13:44:50,
2122,Akasagarbha -reincarnate-,14+,3,1007986,16.5486,83.229,clear,,,sss,2025-09-28 13:44:50,
2279,グラウンドスライダー協奏曲第一番「風唄」,15+,3,998686,16.54744,82.7372,clear,,,sp,2025-09-28 13:44:50,
835,Trackless wilderness,14+,3,1005683,16.5366,82.683,clear,,,ssp,2025-09-28 13:44:50,
2278,CELERITAS,14+,3,1007858,16.5358,83.037,clear,,,sss,2025-09-28 13:44:50,
2338,Disruptor Array,15,3,1002271,16.5271,82.6355,clear,,,ss,2025-09-28 13:44:50,
982,The Metaverse -First story of the SeelischTact-,15+,3,995594,16.52376,82.6188,clear,,,sp,2025-09-28 13:44:50,
999,AttraqtiA,14+,3,1005576,16.5152,82.576,clear,,,ssp,2025-09-28 13:44:50,
2399,雷切-RAIKIRI-,14+,3,1005528,16.5056,82.528,clear,,,ssp,2025-09-28 13:44:50,
697,folern,14+,3,1006470,16.494,82.47,clear,,,ssp,2025-09-28 13:44:50,
807,BlythE,15,4,1003939,16.4939,82.4695,clear,,,ss,2025-09-28 13:44:50,
2581,Dèfandour,14+,3,1007468,16.4936,82.468,clear,,,ssp,2025-09-28 13:44:50,
187,患部で止まってすぐ溶ける～狂気の優曇華院,15,4,1003930,16.493,82.465,clear,,,ss,2025-09-28 13:44:50,
1044,BUCHiGiRE Berserker,14+,3,1005930,16.486,82.93,clear,fullcombo,,ssp,2025-09-28 13:44:50,
2049,脳天直撃,15,3,1003757,16.4757,82.3785,clear,,,ss,2025-09-28 13:44:50,
141,閃鋼のブリューナク,14+,3,1006861,16.4722,82.361,clear,,,ssp,2025-09-28 13:44:50,
317,Air,15,4,1002707,16.4707,82.3535,clear,,,ss,2025-09-28 13:44:50,
2089,Love & Justice,15,3,1003691,16.4691,82.3455,clear,,,ss,2025-09-28 13:44:50,
441,Kattobi KEIKYU Rider,14+,3,1005316,16.4632,82.316,clear,,,ssp,2025-09-28 13:44:50,
2135,IMPACT,14+,3,1007259,16.4518,82.259,clear,,,ssp,2025-09-28 13:44:50,
2241,DA'AT -The First Seeker of Souls-,14,2,1009171,16.45,84.0065,clear,,,sssp,2025-09-28 13:44:50,
219,玩具狂奏曲 -終焉-,15,3,1001445,16.4445,82.2225,clear,,,ss,2025-09-28 13:44:50,
2442,βlαnoir,15,3,1000351,16.4351,82.1755,clear,,,ss,2025-09-28 13:44:50,
806,水晶世界 ～Fracture～,14+,3,1005173,16.4346,82.673,clear,fullcombo,,ssp,2025-09-28 13:44:50,
2126,Tuk Tuk Boshi,14+,3,1005645,16.429,82.145,clear,,,ssp,2025-09-28 13:44:50,
2339,Daphnis,14,2,1007615,16.4115,82.1725,clear,,,sss,2025-09-28 13:44:50,
2296,Desperado Waltz,14+,3,1006543,16.4086,82.043,clear,,,ssp,2025-09-28 13:44:50,
787,GIGA DRIVE,15,3,1003060,16.406,82.03,clear,,,ss,2025-09-28 13:44:50,
618,業 -善なる神とこの世の悪について-,15+,3,995074,16.40296,82.0148,clear,,,sp,2025-09-28 13:44:50,
2084,Yakumo >>JOINT STRUGGLE (2019 Update),14+,3,1004971,16.3971,81.9855,clear,,,ss,2025-09-28 13:44:50,
559,otorii INNOVATED -[i]3-,15,3,1001959,16.3959,81.9795,clear,,,ss,2025-09-28 13:44:50,
1106,アポカリプスに反逆の焔を焚べろ,15,3,1002779,16.3779,81.8895,clear,,,ss,2025-09-28 13:44:50,
712,Climax,15,3,1003687,16.3687,81.8435,clear,,,ss,2025-09-28 13:44:50,
61,GOLDEN RULE,14+,3,1005838,16.3676,82.338,clear,fullcombo,,ssp,2025-09-28 13:44:50,
972,宿星審判,15,3,999000,16.36,81.8,clear,,,sp,2025-09-28 13:44:50,
1059,"Good bye, Merry-Go-Round.",14+,3,1006286,16.3572,81.786,clear,,,ssp,2025-09-28 13:44:50,
428,Aleph-0,14+,3,1004569,16.3569,82.2845,clear,fullcombo,,ss,2025-09-28 13:44:50,
1017,ANU,15,3,1000489,16.3489,81.7445,clear,,,ss,2025-09-28 13:44:50,
2229,QZKago Requiem,15,3,1003484,16.3484,81.742,clear,,,ss,2025-09-28 13:44:50,
2161,POTENTIAL,15,3,1000470,16.347,81.735,clear,,,ss,2025-09-28 13:44:50,
2140,ピアノ協奏曲第１番”蠍火”,15+,3,995826,16.33304,81.6652,clear,,,sp,2025-09-28 13:44:50,
2240,MALKUTH -The Last Ruler of Terrestrials-,15+,3,993172,16.32688,81.6344,clear,,,sp,2025-09-28 13:44:50,
469,Xevel,15,3,1002255,16.3255,81.6275,clear,,,ss,2025-09-28 13:44:50,
428,Aleph-0,15,4,998110,16.3244,81.622,clear,,,sp,2025-09-28 13:44:50,
2554,MarbleBlue.,15,3,1001232,16.3232,81.616,clear,,,ss,2025-09-28 13:44:50,
2555,Sage,14+,3,1005593,16.3186,81.593,clear,,,ssp,2025-09-28 13:44:50,
76,luna blu,14+,3,1006548,16.3096,81.548,clear,,,ssp,2025-09-28 13:44:50,
918,《破滅》 ～ Rhapsody for The End,15,3,1001095,16.3095,81.5475,clear,,,ss,2025-09-28 13:44:50,
2340,To：Be Continued,14,2,1007577,16.3077,81.6155,clear,,,sss,2025-09-28 13:44:50,
328,★LittlE HearTs★,15,3,1001069,16.3069,81.5345,clear,,,ss,2025-09-28 13:44:50,
1016,Parad'ox,14+,3,1005530,16.306,82.03,clear,fullcombo,,ssp,2025-09-28 13:44:50,
2354,月の光,14+,3,1005510,16.302,81.51,clear,,,ssp,2025-09-28 13:44:50,
938,Therapeutic Hoedown,14,3,1006990,16.298,81.49,clear,,,ssp,2025-09-28 13:44:50,
385,Evans,14,3,1006952,16.2904,81.452,clear,,,ssp,2025-09-28 13:44:50,
548,Doppelganger,14+,3,1003831,16.2831,81.4155,clear,,,ss,2025-09-28 13:44:50,
677,PUPA,14+,3,1005815,16.263,81.315,clear,,,ssp,2025-09-28 13:44:50,
824,神威 (NAOKI × ZPP MIX),15,3,1002571,16.2571,81.2855,clear,,,ss,2025-09-28 13:44:50,
2119,parvorbital,15,3,998910,16.2564,81.282,clear,,,sp,2025-09-28 13:44:50,
2121,Strange Love,15,3,998753,16.25012,81.2506,clear,,,sp,2025-09-28 13:44:50,
2400,LAMIA,14,2,1009575,16.25,84.6125,clear,fullcombo,,sssp,2025-09-28 13:44:50,
617,Surveiller et punir,15,3,1001437,16.2437,81.2185,clear,,,ss,2025-09-28 13:44:50,
2556,Mutation,15,3,1001391,16.2391,81.1955,clear,,,ss,2025-09-28 13:44:50,
2440,Superbia,14+,3,1003321,16.2321,81.1605,clear,,,ss,2025-09-28 13:44:50,
2099,Don't Fight The Music,14+,3,1003280,16.228,81.14,clear,,,ss,2025-09-28 13:44:50,
2477,sølips,15,3,998189,16.22756,81.1378,clear,,,sp,2025-09-28 13:44:50,
464,World Vanquisher,15+,3,993093,16.22372,81.1186,clear,,,sp,2025-09-28 13:44:50,
2475,Chaotic Ørder,15+,3,990586,16.22344,81.1172,clear,,,sp,2025-09-28 13:44:50,
1078,Elemental Ethnic,14+,3,1003218,16.2218,81.109,clear,,,ss,2025-09-28 13:44:50,
788,Rebellion,15,3,995530,16.2212,81.106,clear,,,sp,2025-09-28 13:44:50,
751,Grievous Lady,14+,3,1004199,16.2199,81.0995,clear,,,ss,2025-09-28 13:44:50,
880,Megameteor,15,3,1002176,16.2176,81.088,clear,,,ss,2025-09-28 13:44:50,
2579,ラストピースに祝福と栄光を,15+,3,992759,16.21036,81.0518,clear,,,sp,2025-09-28 13:44:50,
471,極圏,14+,3,1005536,16.2072,81.036,clear,,,ssp,2025-09-28 13:44:50,
248,Schrecklicher Aufstand,15,3,1001038,16.2038,81.019,clear,,,ss,2025-09-28 13:44:50,
881,Trrricksters!!,15,3,997560,16.2024,81.012,clear,,,sp,2025-09-28 13:44:50,
2267,Random,14,3,1006510,16.202,81.01,clear,,,ssp,2025-09-28 13:44:50,
2336,盟月,14+,3,1003017,16.2017,81.0085,clear,,,ss,2025-09-28 13:44:50,
2034,A Site De La Rue,15,3,1000947,16.1947,80.9735,clear,,,ss,2025-09-28 13:44:50,
2407,Makear,15+,3,992101,16.18404,80.9202,clear,,,sp,2025-09-28 13:44:50,
927,MARENOL,15,3,1001837,16.1837,80.9185,clear,,,ss,2025-09-28 13:44:50,
994,Last Celebration,14+,3,1004771,16.1771,80.8855,clear,,,ss,2025-09-28 13:44:50,
700,夕焼けのRed Parade,14+,3,1002653,16.1653,80.8265,clear,,,ss,2025-09-28 13:44:50,
887,SON OF SUN,14,3,1006240,16.148,80.74,clear,,,ssp,2025-09-28 13:44:50,
2410,Invisible Frenzy,15,3,998398,16.13592,80.6796,clear,,,sp,2025-09-28 13:44:50,
2580,crazy (about you),14,3,1007858,16.1358,81.037,clear,,,sss,2025-09-28 13:44:50,
2537,GIGA BLAST,15,3,1000277,16.1277,80.6385,clear,,,ss,2025-09-28 13:44:50,
2199,A Man In The Mirror,15,3,1000194,16.1194,80.597,clear,,,ss,2025-09-28 13:44:50,
2398,neu,15,3,1001136,16.1136,80.568,clear,,,ss,2025-09-28 13:44:50,
631,初音ミクの激唱,14+,3,1003127,16.1127,80.5635,clear,,,ss,2025-09-28 13:44:50,
232,Elemental Creation,14+,3,1005561,16.1122,80.561,clear,,,ssp,2025-09-28 13:44:50,
2340,To：Be Continued,15+,3,990262,16.11048,80.5524,clear,,,sp,2025-09-28 13:44:50,
2053,雪男,15,3,997621,16.10484,80.5242,clear,,,sp,2025-09-28 13:44:50,
2531,Big Bang,15,3,999972,16.09888,80.4944,clear,,,sp,2025-09-28 13:44:50,
570,ねぇ、壊れタ人形ハ何処へ棄テらレるノ？,14+,3,1001951,16.0951,80.4755,clear,,,ss,2025-09-28 13:44:50,
2090,《自戒》 ～ Paganelope,14+,3,1004922,16.0922,80.461,clear,,,ss,2025-09-28 13:44:50,
1033,《本能》 ～ ReCoda,14+,3,1004906,16.0906,80.453,clear,,,ss,2025-09-28 13:44:50,
1066,Blazing:Storm,15,3,1000614,16.0614,80.307,clear,,,ss,2025-09-28 13:44:50,
385,Evans,14+,4,1003607,16.0607,80.3035,clear,,,ss,2025-09-28 13:44:50,
734,電光石火,15,3,1000411,16.0411,80.2055,clear,,,ss,2025-09-28 13:44:50,
2231,WE'RE BACK!!,14+,3,1004335,16.0335,80.1675,clear,,,ss,2025-09-28 13:44:50,
2582,Ultimate Force,15+,3,985570,16.0228,80.114,clear,,,s,2025-09-28 13:44:50,
2346,FLUFFY FLASH,14+,3,1003175,16.0175,80.0875,clear,,,ss,2025-09-28 13:44:50,
2439,夢と幻想の終点にて,14,3,1006985,15.997,79.985,clear,,,ssp,2025-09-28 13:44:50,
2117,Qliphothgear,14+,3,1004845,15.9845,79.9225,clear,,,ss,2025-09-28 13:44:50,
670,GERBERA,14+,3,1003843,15.9843,79.9215,clear,,,ss,2025-09-28 13:44:50,
2480,GEOMETRIC DANCE,14+,3,1002708,15.9708,79.854,clear,,,ss,2025-09-28 13:44:50,
887,SON OF SUN,15,4,996302,15.95208,79.7604,clear,,,sp,2025-09-28 13:44:50,
551,Sparking Revolver,14+,3,1002416,15.9416,79.708,clear,,,ss,2025-09-28 13:44:50,
2060,蜘蛛の糸,15,3,993519,15.94076,79.7038,clear,,,sp,2025-09-28 13:44:50,
2428,とあちゃんのおもちゃ箱,14+,3,999962,15.89848,79.4924,clear,,,sp,2025-09-28 13:44:50,
2457,《真紅》 ～ Pavane Pour La Flamme,14,3,1006475,15.895,79.475,clear,,,ssp,2025-09-28 13:44:50,
2441,空間創造理論,14+,3,1002807,15.8807,79.4035,clear,,,ss,2025-09-28 13:44:50,
152,Gustav Battle,14+,4,999212,15.86848,79.3424,clear,,,sp,2025-09-28 13:44:50,
2185,竹,14+,3,999045,15.8618,79.309,clear,,,sp,2025-09-28 13:44:50,
971,Hainuwele,14+,3,997662,15.80648,79.0324,clear,,,sp,2025-09-28 13:44:50,
281,ラクガキスト,14,3,1003727,15.7727,78.8635,clear,,,ss,2025-09-28 13:44:50,
837,Walzer für das Nichts,14+,3,1001597,15.7597,78.7985,clear,,,ss,2025-09-28 13:44:50,
167,脳漿炸裂ガール,15,4,993918,15.75672,78.7836,clear,,,sp,2025-09-28 13:44:50,
777,Killing Rhythm,14,2,1003977,15.6977,78.4885,clear,,,ss,2025-09-28 13:44:50,
637,きゅうりバーにダイブ,14,3,1002448,15.6448,78.224,clear,,,ss,2025-09-28 13:44:50,
819,最終鬼畜妹フランドール・S,14+,4,1001151,15.6151,78.0755,clear,,,ss,2025-09-28 13:44:50,
2035,XL TECHNO -More Dance Remix-,14+,3,1000471,15.5471,77.7355,clear,,,ss,2025-09-28 13:44:50,
788,Rebellion,14,2,1004405,15.5405,77.7025,clear,,,ss,2025-09-28 13:44:50,
2460,《慈雨》 ～ La Symphonie de Salacia: Agony Movement,14,3,1005136,15.5272,77.636,clear,,,ssp,2025-09-28 13:44:50,
2459,《散華》 ～ EMBARK,13,3,1008196,15.4696,78.044,clear,,,sss,2025-09-28 13:44:50,
831,Nijirate Fanatics,14,3,998315,15.3326,76.663,clear,,,sp,2025-09-28 13:44:50,
807,BlythE,14,3,1002311,15.3311,76.6555,clear,,,ss,2025-09-28 13:44:50,
51,My First Phone,14,3,1003056,15.3056,76.528,clear,,,ss,2025-09-28 13:44:50,
701,StufeStern,14,3,998928,15.25712,76.2856,clear,,,sp,2025-09-28 13:44:50,
167,脳漿炸裂ガール,13+,3,1004545,15.2545,76.2725,failed,,,ss,2025-09-28 13:44:50,
2356,Moon of Noon,14,3,994333,15.17332,75.8666,clear,,,sp,2025-09-28 13:44:50,
151,Alma,13+,3,1003506,15.1506,75.753,clear,,,ss,2025-09-28 13:44:50,
2458,《楽土》 ～ One and Only One,13+,3,1004394,15.0394,75.197,clear,,,ss,2025-09-28 13:44:50,
566,Pastel Party,14,3,997210,14.8884,74.442,clear,,,sp,2025-09-28 13:44:50,
108,The ether,13,3,1003593,14.3593,71.7965,clear,,,ss,2025-09-28 13:44:50,
2408,プライマリー進化論,12+,3,1005427,14.1854,70.927,clear,,,ssp,2025-09-28 13:44:50,
317,Air,10,2,1009147,12.25,63.4705,clear,fullcombo,,sssp,2025-09-28 13:44:50,
2288,Armageddon,15,3,479961,0,0,failed,,,d,2025-09-28 13:44:50,
2233,Λzure Vixen,15+,3,995751,16.33004,81.6502,clear,,,sp,2025-09-28 13:44:50,2025-09-28 11:49:00
2488,Yorugao,14+,3,1003977,16.2977,81.4885,clear,,,ss,2025-09-28 13:44:50,2025-09-28 11:31:00
2597,Stardust:RAY,15,3,996067,16.14268,80.7134,clear,,,sp,2025-09-28 13:44:50,2025-09-28 11:26:00
2594,ヒュブリスの頂に聳えるのは,14+,3,1007073,16.8146,84.073,clear,,,ssp,2025-09-28 13:44:50,2025-09-28 11:22:00
2530,VALLIS-NERIA,14+,3,1003916,15.9916,79.958,clear,,,ss,2025-09-28 13:44:50,2025-09-28 11:07:00
2589,ÅMARA (大未来電脳),14+,3,999430,15.7772,78.886,clear,,,sp,2025-09-28 13:44:50,2025-09-28 11:04:00
972,宿星審判,15,3,997169,16.28676,81.4338,clear,,,sp,2025-09-28 13:44:50,2025-09-28 11:59:00
2589,ÅMARA (大未来電脳),14+,3,999211,15.76844,78.8422,clear,,,sp,2025-09-28 13:44:50,2025-09-28 11:42:00
2593,Rrhar'il,15,3,1004748,16.5748,82.874,clear,,,ss,2025-09-28 13:44:50,2025-09-28 11:34:00
2600,其のエメラルドを見よ,15,3,1001531,16.2531,81.2655,clear,,,ss,2025-09-28 13:44:50,2025-09-28 11:14:00
2593,Rrhar'il,15,3,1002675,16.3675,81.8375,clear,,,ss,2025-09-28 13:44:50,2025-09-28 11:10:00
322,Imperishable Night 2006 (2016 Refine),14+,3,1001691,15.8691,79.3455,clear,,,ss,2025-09-28 13:44:50,
317,Air,14+,3,1005290,16.058,80.29,clear,,,ssp,2024-02-20 10:01:05,
323,Dreadnought,14+,4,1003200,16.12,80.6,clear,,,ss,2025-09-28 13:44:50,
328,★LittlE HearTs★,15,3,992349,15.89396,79.4698,clear,,,sp,2024-03-01 05:35:37,2024-02-24 09:20:00
328,★LittlE HearTs★,15,3,996287,16.05148,80.2574,clear,,,sp,2024-06-14 07:49:46,
328,★LittlE HearTs★,15,3,990346,15.81384,79.0692,failed,,,sp,2024-06-14 07:49:44,2024-05-27 10:36:00
386,神威,15,3,995200,15.908,79.54,clear,,,sp,2025-09-28 13:44:50,
386,神威,15,3,982584,15.40336,77.0168,clear,,,s,2024-02-20 10:01:05,
393,Dengeki Tube,15,3,999120,16.1648,80.824,clear,,,sp,2025-09-28 13:44:50,
393,Dengeki Tube,15,3,980693,15.42772,77.1386,clear,,,s,2024-02-20 10:01:05,
393,Dengeki Tube,15,3,977098,15.28392,76.4196,clear,,,s,2024-03-01 05:35:37,2024-02-24 09:23:00
393,Dengeki Tube,15,3,977098,15.28392,76.4196,clear,,,s,2024-02-24 10:30:24,2024-02-24 09:23:00
407,混沌を越えし我らが神聖なる調律主を讃えよ,14,2,1006539,16.2078,81.039,clear,,,ssp,2025-09-28 13:44:50,
407,混沌を越えし我らが神聖なる調律主を讃えよ,15+,3,946296,13.77776,68.8888,failed,,,aa,2024-02-20 10:01:05,
407,混沌を越えし我らが神聖なる調律主を讃えよ,15+,3,981971,15.77884,78.8942,clear,,,s,2025-09-28 13:44:50,
464,World Vanquisher,15+,3,978593,15.64372,78.2186,failed,,,s,2024-02-20 10:01:05,
464,World Vanquisher,15+,3,978593,15.64372,78.2186,failed,,,s,2024-02-24 10:30:24,2024-02-20 05:59:00
428,Aleph-0,15,4,997432,16.29728,81.4864,clear,,,sp,2025-09-28 13:44:50,2025-09-28 11:45:00
442,Glorious Crown (tpz over-Over-OVERCUTE REMIX),15,3,1006874,16.8748,84.374,clear,,,ssp,2025-09-28 13:44:50,
466,Iudicium,15,3,1005267,16.5534,82.767,clear,,,ssp,2025-09-28 13:44:50,
486,VERTeX,14+,3,1006134,16.4268,82.134,clear,,,ssp,2025-09-28 13:44:50,
1086,祈 -我ら神祖と共に歩む者なり-,15+,3,295688,0,0,failed,,,d,2025-09-28 13:44:50,2025-09-28 12:03:00
464,World Vanquisher,15+,3,983376,15.83504,79.1752,failed,,,s,2024-06-14 07:49:44,2024-05-02 06:49:00
465,macrocosmos,15,3,985066,15.80264,79.0132,failed,,,s,2024-03-01 05:35:37,2024-02-24 09:16:00
465,macrocosmos,15,3,986434,15.85736,79.2868,failed,,,s,2024-02-24 10:30:24,2024-02-24 09:13:00
465,macrocosmos,15,3,364447,0,0,failed,,,d,2024-02-24 10:30:24,2024-02-24 10:06:00
465,macrocosmos,15,3,364447,0,0,failed,,,d,2024-03-01 05:35:37,2024-02-24 10:06:00
499,Caliburne ～Story of the Legendary sword～,14+,3,984590,15.2836,76.418,failed,,,s,2024-02-20 10:01:05,
499,Caliburne ～Story of the Legendary sword～,14+,3,998869,15.85476,79.2738,clear,,,sp,2025-09-28 13:44:50,
506,G e n g a o z o,14+,3,1000461,15.7461,78.7305,clear,,,ss,2025-09-28 13:44:50,
551,Sparking Revolver,14+,3,492345,0,0,failed,,,d,2024-02-24 10:30:24,2024-02-24 09:26:00
552,Gate of Doom,14+,3,1000755,15.9755,79.8775,clear,,,ss,2025-09-28 13:44:50,
619,End Time,15,3,992164,15.78656,78.9328,clear,,,sp,2024-02-20 10:01:05,
619,End Time,15,3,1000373,16.1373,80.6865,clear,,,ss,2025-09-28 13:44:50,
618,業 -善なる神とこの世の悪について-,15+,3,984580,15.9832,79.916,failed,,,s,2024-02-24 10:30:24,2024-02-24 10:11:00
618,業 -善なる神とこの世の悪について-,15+,3,981408,15.85632,79.2816,failed,,,s,2024-02-24 10:30:24,2024-02-24 10:21:00
618,業 -善なる神とこの世の悪について-,15+,3,981408,15.85632,79.2816,failed,,,s,2024-03-01 05:35:37,2024-02-24 10:21:00
697,folern,14+,3,1006470,16.494,82.47,failed,,,ssp,2024-06-14 07:49:44,2024-04-30 13:02:00
775,暗晦にハイライト,14+,3,1006161,16.2322,81.161,clear,,,ssp,2025-09-28 13:44:50,
784,YURUSHITE,15,3,995820,15.9328,79.664,clear,,,sp,2025-09-28 13:44:50,
2055,Ring,11+,3,1009710,13.65,71.815,clear,alljustice,,sssp,2024-02-20 10:01:06,2024-02-18 08:31:00
2161,POTENTIAL,15,3,996908,16.17632,80.8816,clear,,,sp,2024-03-01 05:35:37,
2161,POTENTIAL,15,3,996908,16.17632,80.8816,clear,,,sp,2024-03-01 05:35:37,2024-03-01 05:22:00
2168,J219,14+,3,1008038,16.5538,84.307,clear,fullcombo,,sss,2025-09-28 13:44:50,
2171,Titania,15,3,1007899,17.0399,85.5985,clear,,,sss,2025-09-28 13:44:50,
2184,ENDYMION,15,3,1000959,16.2959,81.4795,clear,,,ss,2025-09-28 13:44:50,
2240,MALKUTH -The Last Ruler of Terrestrials-,14+,2,1006352,16.2704,81.352,clear,,,ssp,2025-09-28 13:44:50,
993,B100d Hunter,14+,3,1007427,16.6854,83.927,clear,fullcombo,,ssp,2025-09-28 13:44:50,
2241,DA'AT -The First Seeker of Souls-,15+,3,993386,16.33544,81.6772,clear,,,sp,2025-09-28 13:44:50,
2597,Stardust:RAY,15,3,996728,16.16912,80.8456,clear,,,sp,2025-11-05 12:13:09,
2696,Tempestissimo,13+,2,1009864,16.05,83.546,clear,alljustice,,sssp,2025-11-05 12:13:09,2025-11-01 03:58:00
628,サドマミホリック,14+,4,1001268,16.0268,80.134,clear,,,ss,2025-11-05 12:13:09,2025-11-01 03:51:00
2650,MeteorSnow,15,3,995426,16.01704,80.0852,clear,,,sp,2025-11-05 12:13:09,
152,Gustav Battle,14+,4,1001027,16.0027,80.0135,clear,,,ss,2025-11-05 12:13:09,2025-11-05 11:12:00
551,Sparking Revolver,14+,3,1002513,15.9513,79.7565,clear,,,ss,2025-11-05 12:13:09,
2271,Falsum Atlantis.,15,3,996093,15.84372,79.2186,clear,,,sp,2025-11-05 12:13:09,2025-11-01 04:25:00
2589,ÅMARA (大未来電脳),14+,3,1000362,15.8362,79.181,clear,,,ss,2025-11-05 12:13:09,2025-11-01 04:07:00
2650,MeteorSnow,13+,2,1008448,15.7948,79.922,clear,,,sss,2025-11-05 12:13:09,2025-11-02 06:31:00
2597,Stardust:RAY,13+,2,1008285,15.5785,78.6775,clear,,,sss,2025-11-05 12:13:09,2025-11-02 06:35:00
2622,Joe Fight,14,3,1002601,15.5601,77.8005,clear,,,ss,2025-11-05 12:13:09,2025-11-01 03:13:00
2695,Ringed Genesis,14,3,1001117,15.5117,77.5585,clear,,,ss,2025-11-05 12:13:09,2025-11-01 04:41:00
2674,M.L.V.G,14,3,1004948,15.4948,77.474,clear,,,ss,2025-11-05 12:13:09,2025-11-01 04:38:00
2620,チューリングの跡,15,3,1004810,16.581,82.905,clear,,,ss,2025-11-05 12:13:09,2025-11-05 11:40:00
2616,黎命に殉ず,15,3,1006449,16.8898,84.449,clear,,,ssp,2025-11-05 12:13:09,2025-11-05 11:29:00
2696,Tempestissimo,15,3,1006314,16.8628,84.314,clear,,,ssp,2025-11-05 12:13:09,2025-11-05 11:16:00
734,電光石火,15,3,1002137,16.2137,81.0685,clear,,,ss,2025-11-05 12:13:09,2025-11-02 06:59:00
2239,ホーリーサンバランド,15,3,1007321,16.9642,85.821,clear,fullcombo,,ssp,2025-11-05 12:13:09,2025-11-02 06:50:00
20,taboo tears you up,15,4,1004347,16.4347,82.1735,clear,,,ss,2025-11-05 12:13:09,2025-11-02 06:47:00
807,BlythE,15,4,1004375,16.5375,82.6875,clear,,,ss,2025-11-05 12:13:09,2025-11-01 04:31:00
2300,Odin,15,3,1003532,16.4532,82.266,clear,,,ss,2025-11-05 12:13:09,2025-11-01 04:21:00
2485,Singularity,15,3,1002742,16.3742,81.871,clear,,,ss,2025-11-05 12:13:09,2025-11-01 04:17:00
2461,"《創造》 ～ Cries, beyond The End",15,3,1001833,16.2833,81.4165,clear,,,ss,2025-11-05 12:13:09,2025-11-01 04:12:00
2592,マツヨイナイトバグ,14,3,1008109,16.3609,82.4135,clear,,,sss,2025-11-05 12:13:09,2025-11-01 03:55:00
2658,熱異常,14,3,1008565,16.3065,82.5975,clear,,,sss,2025-11-05 12:13:09,2025-11-01 03:39:00
2625,Latent Kingdom,15,3,1004002,16.5002,82.501,clear,,,ss,2025-11-05 12:13:09,2025-11-01 03:33:00
628,サドマミホリック,14+,4,1001238,16.0238,80.119,clear,,,ss,2025-11-05 12:13:09,2025-11-05 11:52:00
173,Halcyon,15,4,1003434,16.4434,82.217,clear,,,ss,2025-11-05 12:13:09,2025-11-05 11:48:00
466,Iudicium,15,3,998332,15.93328,79.6664,clear,,,sp,2025-11-05 12:13:09,2025-11-05 11:44:00
2625,Latent Kingdom,15,3,1003637,16.4637,82.3185,clear,,,ss,2025-11-05 12:13:09,2025-11-05 11:33:00
2616,黎命に殉ず,15,3,1002413,16.3413,81.7065,clear,,,ss,2025-11-05 12:13:09,2025-11-05 11:26:00
2050,封焔の135秒,15,3,1004411,16.4411,82.2055,clear,,,ss,2025-11-05 12:13:09,2025-11-05 11:22:00
2050,封焔の135秒,15,3,1003412,16.3412,81.706,clear,,,ss,2025-11-05 12:13:09,2025-11-05 11:19:00
2090,《自戒》 ～ Paganelope,14+,3,1000793,15.6793,78.3965,clear,,,ss,2025-11-05 12:13:09,2025-11-05 11:09:00
323,Dreadnought,14+,4,1003075,16.1075,80.5375,clear,,,ss,2025-11-05 12:13:09,2025-11-05 11:04:00
2398,neu,15,3,994657,15.78628,78.9314,clear,,,sp,2025-11-05 12:13:09,2025-11-02 07:06:00
2398,neu,15,3,995822,15.83288,79.1644,clear,,,sp,2025-11-05 12:13:09,2025-11-02 07:03:00
823,Opfer,15,3,1002987,16.2987,81.4935,clear,,,ss,2025-11-05 12:13:09,2025-11-02 06:53:00
2600,其のエメラルドを見よ,15,3,1003296,16.4296,82.148,clear,,,ss,2025-11-05 12:13:09,2025-11-02 06:44:00
2488,Yorugao,14+,3,995742,15.72968,78.6484,clear,,,sp,2025-11-05 12:13:09,2025-11-02 06:38:00
20,taboo tears you up,15,4,996982,15.87928,79.3964,clear,,,sp,2025-11-05 12:13:09,2025-11-01 04:35:00
2620,チューリングの跡,15,3,1001579,16.2579,81.2895,clear,,,ss,2025-11-05 12:13:09,2025-11-01 03:47:00
2620,チューリングの跡,15,3,999927,16.09708,80.4854,clear,,,sp,2025-11-05 12:13:09,2025-11-01 03:44:00
2625,Latent Kingdom,15,3,999232,16.06928,80.3464,clear,,,sp,2025-11-05 12:13:09,2025-11-01 03:20:00
2696,Tempestissimo,15,3,1004299,16.5299,82.6495,clear,,,ss,2025-11-05 12:13:09,2025-10-11 11:22:00
2696,Tempestissimo,15,3,999370,16.0748,80.374,clear,,,sp,2025-11-05 12:13:09,2025-10-11 11:19:00
2600,其のエメラルドを見よ,15,3,995348,15.91392,79.5696,clear,,,sp,2025-11-05 12:13:09,2025-10-11 11:16:00
824,神威 (NAOKI × ZPP MIX),15,3,997205,15.8882,79.441,clear,,,sp,2025-11-05 12:13:09,2025-10-07 03:16:00
734,電光石火,15,3,995184,15.80736,79.0368,clear,,,sp,2025-11-05 12:13:09,2025-10-07 03:14:00
734,電光石火,15,3,999028,15.96112,79.8056,clear,,,sp,2025-11-05 12:13:09,2025-10-07 03:11:00
1016,Parad'ox,14+,3,1007519,16.7019,84.0285,clear,fullcombo,,sss,2025-11-07 13:13:03,
2614,Malleus Maleficarum,14+,3,1006800,16.66,83.3,clear,,,ssp,2025-11-07 13:13:03,2025-11-06 05:43:00
2300,Odin,15,3,1004658,16.5658,82.829,clear,,,ss,2025-11-07 13:13:03,2025-11-06 05:32:00
2444,Cult future,15,3,1005192,16.5384,82.692,clear,,,ssp,2025-11-07 13:13:03,2025-11-06 05:50:00
173,Halcyon,14+,3,1006062,16.3124,81.562,clear,,,ssp,2025-11-07 13:13:03,2025-11-06 05:16:00
700,夕焼けのRed Parade,14+,3,1003678,16.2678,81.339,clear,,,ss,2025-11-07 13:13:03,2025-11-06 05:25:00
2480,GEOMETRIC DANCE,14+,3,1004008,16.1008,80.504,clear,,,ss,2025-11-07 13:13:03,2025-11-06 05:21:00
2622,Joe Fight,14,3,1005410,15.882,79.41,clear,,,ssp,2025-11-07 13:13:03,2025-11-06 05:12:00
2695,Ringed Genesis,14,3,1004355,15.8355,79.1775,clear,,,ss,2025-11-07 13:13:03,2025-11-06 05:09:00
2444,Cult future,15,3,1002679,16.2679,81.3395,clear,,,ss,2025-11-07 13:13:03,2025-11-06 05:47:00
2485,Singularity,15,3,999669,16.08676,80.4338,clear,,,sp,2025-11-07 13:13:03,2025-11-06 05:38:00
2485,Singularity,15,3,1000396,16.1396,80.698,clear,,,ss,2025-11-07 13:13:03,2025-11-06 05:35:00
1015,Insane Gamemode,14,3,1005087,15.9174,79.587,clear,,,ssp,2024-03-01 05:35:37,2024-03-01 05:19:00
1016,Parad'ox,14+,3,1007519,16.7019,84.0285,clear,fullcombo,,sss,2025-11-07 13:13:03,2025-11-06 05:28:00
2270,TEmPTaTiON,15,3,1002310,16.231,81.155,clear,,,ss,2025-11-05 12:13:09,
1079,X7124,14,2,1003153,15.6153,78.0765,clear,,,ss,2024-02-24 10:30:24,2024-02-18 09:02:00
1086,祈 -我ら神祖と共に歩む者なり-,14+,2,1004137,15.9137,79.5685,clear,,,ss,2024-02-20 10:01:05,
1086,祈 -我ら神祖と共に歩む者なり-,14+,2,1004572,15.9572,79.786,failed,,,ss,2024-06-14 07:49:44,2024-04-30 12:52:00
1086,祈 -我ら神祖と共に歩む者なり-,14+,2,1006261,16.2522,81.261,clear,,,ssp,2025-09-28 13:44:50,
1098,董卓討つべし,14,3,997201,14.88804,74.4402,clear,,,sp,2024-06-14 07:49:46,
1086,祈 -我ら神祖と共に歩む者なり-,15+,3,981892,15.97568,79.8784,failed,,,s,2024-02-20 10:01:05,
1086,祈 -我ら神祖と共に歩む者なり-,15+,3,981892,15.97568,79.8784,failed,,,s,2024-02-20 10:01:06,2024-02-18 08:51:00
1086,祈 -我ら神祖と共に歩む者なり-,15+,3,981892,15.97568,79.8784,failed,,,s,2024-02-24 10:30:24,2024-02-18 08:51:00
1086,祈 -我ら神祖と共に歩む者なり-,15+,3,998233,16.62932,83.1466,clear,,,sp,2025-09-28 13:44:50,
2400,LAMIA,15,3,1001793,16.4793,82.3965,clear,,,ss,2025-09-28 13:44:50,
1092,真千年女王,14+,3,1007101,16.8202,84.601,clear,fullcombo,,ssp,2025-09-28 13:44:50,
1094,[CRYSTAL_ACCESS],14+,3,1007035,16.507,82.535,clear,,,ssp,2025-09-28 13:44:50,
1100,TECHNOPOLIS 2085,14+,3,1001119,15.6119,78.0595,clear,,,ss,2024-06-14 07:49:46,
1107,AstrøNotes.,15,3,1007328,16.9656,84.828,clear,,,ssp,2025-09-28 13:44:50,
2034,A Site De La Rue,15,3,892566,9.724583,48.622915,failed,,,bbb,2024-02-24 10:30:24,2024-02-24 09:56:00
2056,Blazing Break,13+,3,999473,14.57892,72.8946,clear,,,sp,2024-02-20 10:01:06,2024-02-20 05:19:00
2064,ピュグマリオンの咒文,14,3,1002692,15.3692,76.846,clear,,,ss,2025-09-28 13:44:50,
2598,HECATONCHEIR,14,3,1005247,15.6494,78.247,clear,,,ssp,2025-11-05 12:13:09,
2620,チューリングの跡,15,3,992419,15.79676,78.9838,clear,,,sp,2025-11-05 12:13:09,2025-11-01 03:36:00
2620,チューリングの跡,15,3,997512,16.00048,80.0024,clear,,,sp,2025-11-05 12:13:09,2025-11-01 03:16:00
2621,NIGHTWAVE FRAGMENTS,14,3,1007025,16.105,80.525,clear,,,ssp,2025-11-05 12:13:09,2025-11-01 04:03:00
6,Reach For The Stars,13,3,1005290,14.658,73.29,clear,,,ssp,2025-09-28 13:44:50,
6,Reach For The Stars,13,3,991146,13.74584,68.7292,clear,,,sp,2024-02-20 10:01:05,
7,初音ミクの消失,14+,3,1002868,15.7868,78.934,clear,,,ss,2025-09-28 13:44:50,
7,初音ミクの消失,14+,3,992421,15.19684,75.9842,clear,,,sp,2024-02-20 10:01:05,
20,taboo tears you up,15,4,1003725,16.3725,81.8625,clear,,,ss,2025-09-28 13:44:50,
33,Blue Noise,14+,3,996272,15.35088,76.7544,clear,,,sp,2024-02-24 10:30:24,2024-02-20 05:55:00
33,Blue Noise,14+,3,996272,15.35088,76.7544,clear,,,sp,2024-02-20 10:01:06,2024-02-20 05:55:00
33,Blue Noise,14+,3,1001181,15.6181,78.0905,clear,,,ss,2025-09-28 13:44:50,
33,Blue Noise,14+,3,1000472,15.5472,77.736,clear,,,ss,2024-02-20 10:01:06,2024-02-18 07:53:00
33,Blue Noise,14+,3,1000472,15.5472,77.736,clear,,,ss,2024-02-20 10:01:05,
45,L9,15,4,1005066,16.5132,82.566,clear,,,ssp,2025-09-28 13:44:50,
51,My First Phone,14,3,1002179,15.2179,76.0895,clear,,,ss,2024-03-01 05:35:37,2024-02-24 09:44:00
51,My First Phone,14,3,1002179,15.2179,76.0895,clear,,,ss,2024-02-24 10:30:24,2024-02-24 09:44:00
63,Gate of Fate,12+,2,1004111,14.0111,70.5555,failed,fullcombo,,ss,2024-06-14 07:49:46,
63,Gate of Fate,14+,3,995745,15.5298,77.649,clear,,,sp,2024-02-20 10:01:06,2024-02-18 07:35:00
63,Gate of Fate,14+,3,995745,15.5298,77.649,clear,,,sp,2024-02-20 10:01:05,
63,Gate of Fate,14+,3,1002862,15.9862,79.931,clear,,,ss,2024-06-14 07:49:46,
63,Gate of Fate,14+,3,1003359,16.0359,80.1795,clear,,,ss,2025-09-28 13:44:50,
63,Gate of Fate,14+,3,991915,15.3766,76.883,clear,,,sp,2024-02-20 10:01:06,2024-02-18 07:27:00
63,Gate of Fate,14+,3,994497,15.47988,77.3994,clear,,,sp,2024-02-24 10:30:24,2024-02-24 09:09:00
63,Gate of Fate,14+,3,994497,15.47988,77.3994,clear,,,sp,2024-03-01 05:35:37,2024-02-24 09:09:00
63,Gate of Fate,14+,3,999171,15.66684,78.3342,clear,,,sp,2024-03-01 05:35:37,2024-03-01 04:57:00
63,Gate of Fate,14+,3,999171,15.66684,78.3342,clear,,,sp,2024-03-01 05:35:37,
63,Gate of Fate,15,4,1004004,16.5004,82.502,clear,,,ss,2024-02-20 10:01:05,
69,The wheel to the right,14,3,1002395,15.6395,78.1975,clear,,,ss,2025-09-28 13:44:50,
72,Genesis,14+,3,964974,13.89844,69.4922,clear,,,aaa,2024-02-20 10:01:05,
72,Genesis,14+,3,982060,14.7824,73.912,clear,,,s,2025-09-28 13:44:50,
82,Memories of Sun and Moon,13+,3,1003275,14.8275,74.1375,clear,,,ss,2024-02-24 10:30:24,2024-02-24 09:06:00
82,Memories of Sun and Moon,13+,3,1004975,14.9975,74.9875,clear,,,ss,2024-02-20 10:01:05,
82,Memories of Sun and Moon,13+,3,1004975,14.9975,74.9875,clear,,,ss,2024-02-20 10:01:06,2024-02-18 08:35:00
90,L'épisode,14+,3,1005131,16.3262,81.631,clear,,,ssp,2025-09-28 13:44:50,
90,L'épisode,14+,3,1002755,16.0755,80.3775,clear,,,ss,2024-02-20 10:01:05,
101,Tango Rouge,14+,3,998637,15.44548,77.2274,failed,,,sp,2024-06-14 07:49:44,2024-05-04 06:32:00
101,Tango Rouge,14+,3,1006915,16.383,81.915,clear,,,ssp,2025-09-28 13:44:50,
101,Tango Rouge,14+,3,1002774,15.7774,78.887,clear,,,ss,2024-02-20 10:01:06,2024-02-20 05:30:00
101,Tango Rouge,14+,3,1002774,15.7774,78.887,clear,,,ss,2024-02-20 10:01:05,
101,Tango Rouge,14+,3,1002774,15.7774,78.887,clear,,,ss,2024-02-24 10:30:24,2024-02-20 05:30:00
103,エンドマークに希望と涙を添えて,15,3,1004984,16.4984,82.492,clear,,,ss,2025-09-28 13:44:50,
106,宛城、炎上！！,15,3,1001572,16.1572,80.786,clear,,,ss,2025-09-28 13:44:50,
107,We Gonna Journey,14+,4,1005468,16.4936,82.468,clear,,,ssp,2025-09-28 13:44:50,
2613,Overhea[r]t,14+,3,1005582,16.1164,80.582,clear,,,ssp,2026-04-21 03:28:17,2025-11-29 05:24:00
628,サドマミホリック,14+,4,1006417,16.6834,83.417,clear,,,ssp,2026-04-21 03:28:17,2025-12-13 04:53:00
428,Aleph-0,15,4,999539,16.38156,81.9078,clear,,,sp,2026-04-21 03:28:17,2025-12-13 04:57:00
152,Gustav Battle,14+,4,1003192,16.2192,81.096,clear,,,ss,2026-04-21 03:28:17,2025-12-17 07:03:00
2660,What's up? Pop!,15,3,892825,9.9304875,49.6524375,failed,,,bbb,2026-04-21 03:28:17,2026-01-21 11:09:00
2629,壱雫空,14,3,1002901,15.2901,76.4505,clear,,,ss,2026-04-21 03:28:17,2026-01-21 11:05:00
2650,MeteorSnow,15,3,1001374,16.3374,81.687,clear,,,ss,2026-04-21 03:28:17,2025-12-17 07:45:00
2477,sølips,15,3,1000912,16.3912,81.956,clear,,,ss,2026-04-21 03:28:17,2025-12-17 07:25:00
1100,TECHNOPOLIS 2085,14+,3,1003151,15.8151,79.0755,clear,,,ss,2026-04-21 03:28:17,2025-12-17 07:17:00
971,Hainuwele,14+,3,999660,15.8864,79.432,clear,,,sp,2026-04-21 03:28:17,2025-12-17 07:07:00
2053,雪男,15,3,1001687,16.3687,81.8435,clear,,,ss,2026-04-21 03:28:17,2025-12-17 06:44:00
2288,Armageddon,15,3,999255,16.0702,80.351,clear,,,sp,2026-04-21 03:28:17,2025-12-17 06:40:00
2099,Don't Fight The Music,14+,3,1003889,16.2889,81.4445,clear,,,ss,2026-04-21 03:28:17,2025-12-13 05:19:00
700,夕焼けのRed Parade,14+,3,1005210,16.442,82.21,clear,,,ssp,2026-04-21 03:28:17,2025-12-13 05:15:00
712,Climax,15,3,1004879,16.4879,82.4395,clear,,,ss,2026-04-21 03:28:17,2025-12-13 05:01:00
2641,マシンガンポエムドール,15,3,998785,16.0514,80.257,clear,,,sp,2026-04-21 03:28:17,2025-12-13 04:46:00
2597,Stardust:RAY,15,3,1000441,16.3441,81.7205,clear,,,ss,2026-04-21 03:28:17,2025-11-29 05:36:00
2629,壱雫空,14,3,998393,14.93572,74.6786,clear,,,sp,2026-04-21 03:28:18,2026-01-21 11:03:00
385,Evans,14+,4,998974,15.65896,78.2948,clear,,,sp,2026-04-21 03:28:18,2025-12-17 07:51:00
881,Trrricksters!!,15,3,995232,16.10928,80.5464,clear,,,sp,2026-04-21 03:28:18,2025-12-17 07:48:00
2650,MeteorSnow,15,3,999631,16.18524,80.9262,clear,,,sp,2026-04-21 03:28:18,2025-12-17 07:41:00
2650,MeteorSnow,15,3,999576,16.18304,80.9152,clear,,,sp,2026-04-21 03:28:18,2025-12-17 07:38:00
2650,MeteorSnow,15,3,999941,16.19764,80.9882,clear,,,sp,2026-04-21 03:28:18,2025-12-17 07:34:00
2537,GIGA BLAST,15,3,999403,16.07612,80.3806,clear,,,sp,2026-04-21 03:28:18,2025-12-17 07:29:00
2477,sølips,15,3,998316,16.23264,81.1632,clear,,,sp,2026-04-21 03:28:18,2025-12-17 07:21:00
1100,TECHNOPOLIS 2085,14+,3,1002667,15.7667,78.8335,clear,,,ss,2026-04-21 03:28:18,2025-12-17 07:14:00
971,Hainuwele,14+,3,995766,15.73064,78.6532,clear,,,sp,2026-04-21 03:28:18,2025-12-17 07:11:00
499,Caliburne ～Story of the Legendary sword～,14+,3,998468,15.83872,79.1936,clear,,,sp,2026-04-21 03:28:18,2025-12-17 07:00:00
167,脳漿炸裂ガール,15,4,991197,15.64788,78.2394,clear,,,sp,2026-04-21 03:28:18,2025-12-17 06:55:00
2650,MeteorSnow,15,3,999803,16.19212,80.9606,clear,,,sp,2026-04-21 03:28:18,2025-12-17 06:51:00
2650,MeteorSnow,15,3,999051,16.16204,80.8102,clear,,,sp,2026-04-21 03:28:18,2025-12-17 06:48:00
2288,Armageddon,15,3,991239,15.74956,78.7478,clear,,,sp,2026-04-21 03:28:18,2025-12-17 06:36:00
700,夕焼けのRed Parade,14+,3,1003493,16.2493,81.2465,clear,,,ss,2026-04-21 03:28:18,2025-12-13 05:12:00
551,Sparking Revolver,14+,3,994627,15.48508,77.4254,clear,,,sp,2026-04-21 03:28:18,2025-12-13 05:08:00
552,Gate of Doom,14+,3,998955,15.8582,79.291,clear,,,sp,2026-04-21 03:28:18,2025-12-13 05:05:00
187,患部で止まってすぐ溶ける～狂気の優曇華院,15,4,1001795,16.2795,81.3975,clear,,,ss,2026-04-21 03:28:18,2025-12-13 04:50:00
2641,マシンガンポエムドール,15,3,997550,16.002,80.01,clear,,,sp,2026-04-21 03:28:18,2025-12-13 04:43:00
2641,マシンガンポエムドール,15,3,993535,15.8414,79.207,clear,,,sp,2026-04-21 03:28:18,2025-12-13 04:40:00
2597,Stardust:RAY,15,3,997813,16.21252,81.0626,clear,,,sp,2026-04-21 03:28:18,2025-11-29 05:32:00
2625,Latent Kingdom,15,3,1002055,16.3055,81.5275,clear,,,ss,2026-04-21 03:28:18,2025-11-29 05:28:00
2432,Aiolos,15,3,1001609,16.1609,80.8045,clear,,,ss,2026-04-21 03:28:18,2025-11-29 05:21:00
2432,Aiolos,15,3,991965,15.6786,78.393,clear,,,sp,2026-04-21 03:28:18,2025-11-29 05:18:00
2597,Stardust:RAY,15,3,995622,16.12488,80.6244,clear,,,sp,2026-04-21 03:28:18,2025-11-15 04:12:00
2625,Latent Kingdom,15,3,1003916,16.4916,82.458,clear,,,ss,2026-04-21 03:28:18,2025-11-15 04:09:00
2616,黎命に殉ず,15,3,1002401,16.3401,81.7005,clear,,,ss,2026-04-21 03:28:18,2025-11-15 04:05:00
103,エンドマークに希望と涙を添えて,15,3,946578,13.29468,66.4734,failed,,,aa,2026-04-21 03:28:18,2025-11-12 12:10:00
428,Aleph-0,15,4,993311,16.13244,80.6622,clear,,,sp,2026-04-21 03:28:18,2025-11-12 12:06:00
2696,Tempestissimo,15,3,1005468,16.6936,83.468,clear,,,ssp,2026-04-21 03:28:18,2025-11-12 12:03:00
2600,其のエメラルドを見よ,15,3,1004408,16.5408,82.704,clear,,,ss,2026-04-21 03:28:18,2025-11-12 11:59:00
2625,Latent Kingdom,15,3,1001104,16.2104,81.052,clear,,,ss,2026-04-21 03:28:18,2025-11-12 11:55:00
